0.0546824383316265,0.06298078112710885,0.04193632379893898,-0.013625748091978612,1650483813.7884467
0.04189086773248511,-0.013369763757889393,0.053782686997516115,0.062390508680528534,1650483814.1762896
0.04187542948286909,-0.013422917384305927,0.05321503017909911,0.06165021883495605,1650483814.3293242
0.041715942791479346,-0.013415887946913004,0.053104589592427885,0.0614573671665714,1650483814.3701909
0.04146087509526615,-0.013329711785070386,0.053008920219511084,0.061312498398479354,1650483814.4093947
0.04141676444572829,-0.013336748597405064,0.05311331850598762,0.06142019903868528,1650483814.4419854
0.04155452246106784,-0.013395124063706255,0.05338542228037857,0.0616707870515909,1650483814.4617481
0.04151245390367894,-0.013388626102372587,0.05294702514086104,0.06120046275998033,1650483814.4967203
0.053106656027485905,0.0613636623051021,0.041063931926480585,-0.01327047008864586,1650483814.5277445
0.0410652609503775,-0.013262348296631057,0.05358720827104198,0.0619134667468113,1650483814.561723
0.041401960928590484,-0.013373560973120075,0.05288432440837404,0.061088963526818946,1650483814.596854
0.041365250982502495,-0.013359008486351699,0.0534803286215738,0.06177679718402131,1650483814.6353543
0.05284903894671089,0.06107093332284586,0.04097406296050003,-0.013248773559287039,1650483814.6648474
0.04137224660690489,-0.013373231752502872,0.05355906687510506,0.06189589746973562,1650483814.6970522
0.041388178256263716,-0.013369542394247147,0.05357685679001414,0.06190656915502956,1650483814.7327232
0.04144316684056493,-0.013370344754751299,0.05343598333823356,0.06171545616454746,1650483814.7971165
0.041411871717437314,-0.013373790335156942,0.05315460450321387,0.06141951274408637,1650483814.8203018
0.04098247738479295,-0.013251581097821824,0.05279349860840292,0.06103318139775466,1650483814.843031
0.04101128316829358,-0.01325412265631158,0.05295166419121178,0.0612158728579704,1650483814.8601656
0.04136632765597489,-0.013368284364981062,0.05341579383299278,0.061671130518523146,1650483814.8972473
0.0410370228216091,-0.013263768710644799,0.05293996611065569,0.06114853374572807,1650483814.9290843
0.053220263894155954,0.06149852744833173,0.04123603588669563,-0.013326197621092668,1650483814.9640176
0.04141606734389855,-0.013362881028066162,0.05287692731276815,0.06105510492911004,1650483814.994214
0.04137814373239159,-0.013387233978305229,0.05300565232858501,0.06115682262344158,1650483815.0281787
0.041450105637506805,-0.013385544299462425,0.05293993602702994,0.061146658782293105,1650483815.0613291
0.04135774176201849,-0.013375318623265986,0.05279667497809822,0.06096058476024343,1650483815.0944958
0.05313589037703624,0.06139279024920432,0.040983491841930036,-0.013243646441144289,1650483815.1265798
0.041466865955885134,-0.013401984355799486,0.05283121200038611,0.06108289639755432,1650483815.160933
0.040975000474297175,-0.013238214084791294,0.053012015422479505,0.061195635512692845,1650483815.193261
0.0528746954762855,0.06107673557914868,0.040875791041945005,-0.01321932292773663,1650483815.2250996
0.05326594243504886,0.06154631634216529,0.04138719434356679,-0.013388017203673825,1650483815.2656596
0.05342529457727675,0.06171284650028429,0.04149502934829015,-0.013412272121945571,1650483815.2982857
0.041428784386164166,-0.01338750034208413,0.05356158906480349,0.06188854521230711,1650483815.3330605
0.052926596597688294,0.06118544754302232,0.04141032606990677,-0.013376846979446551,1650483815.3653986
0.0414003554528557,-0.013390986533026363,0.05330429965020539,0.06158088512490231,1650483815.4009252
0.04135443606036273,-0.013378702935024845,0.05290077292871512,0.061150827394137554,1650483815.433223
0.05366057302822362,0.06199590970907464,0.04135290770028252,-0.013356051987881626,1650483815.463872
0.04126339754049382,-0.01331727000644063,0.05276474728658464,0.061011113294062336,1650483815.5023348
0.04139581965831878,-0.013368646631374893,0.05285583597351479,0.061107504857891216,1650483815.536833
0.05362436473454384,0.061957321246633015,0.04146023632066369,-0.013420164620924806,1650483815.5704112
0.04101484962826892,-0.013257563252672591,0.0528744717171855,0.06112630259301556,1650483815.595753
0.04089850766693657,-0.013218083038047126,0.052799305469455556,0.06101692730497506,1650483815.6355212
0.041382428840120715,-0.01338080428107771,0.053307067672839,0.06157970263443026,1650483815.6688058
0.04107027379151681,-0.013275679567090462,0.05339591847948794,0.06172783724199314,1650483815.6948066
0.04106951627044451,-0.013264411483890367,0.0529735636198905,0.06125276242173809,1650483815.7266629
0.04100656586135343,-0.013249473959141793,0.05336638977501241,0.06168626057124739,1650483815.763846
0.041359096445513936,-0.01335924383078409,0.052963215720995216,0.061237094390919775,1650483815.8014946
0.041127848555495145,-0.013310994570227525,0.05265776252592749,0.06086419850861729,1650483815.8325987
0.04142896051396258,-0.013361453612020888,0.052886885103165755,0.06111082029732674,1650483815.8649106
0.04137886163494181,-0.013364739092591123,0.05280402372212762,0.06102218730260624,1650483815.903034
0.04138306005975022,-0.013376668797921204,0.05319777477592807,0.0614690052782921,1650483815.93379
0.04149148828789875,-0.01338494955742177,0.052724145881796365,0.060897317437803626,1650483815.9656901
0.041460538159851165,-0.013396701004324161,0.05343849521574744,0.06178885209093517,1650483815.9982016
0.041375727438597805,-0.01337813963319286,0.05328023426797487,0.06156560889010746,1650483816.0290396
0.053038784404218234,0.0613292308378649,0.04140402992277429,-0.01338442177750972,1650483816.064042
0.053626419425648324,0.061949288921131954,0.04099016760890975,-0.01325658915677936,1650483816.101687
0.05322689521919394,0.06149531579104678,0.04148435402865605,-0.01338475487804704,1650483816.1357086
0.04142554074556888,-0.013365900438444576,0.05336395296437803,0.06165602303125831,1650483816.1641529
0.04138275651345013,-0.013356197246088638,0.0529449154060228,0.06117667025411269,1650483816.2003806
0.041482143256466035,-0.013404930307317299,0.05319117889208616,0.061424573030557095,1650483816.2343802
0.041085072559429135,-0.013271234990484049,0.0533241700143404,0.0615857266714933,1650483816.2669094
0.053026383203305376,0.061338326932510095,0.04104716141631356,-0.013252668692482674,1650483816.2999218
0.052840728469269106,0.0611181523074174,0.04115098181470889,-0.013267757147994297,1650483816.3260002
0.04100770568604506,-0.013240960812520785,0.05329076285945119,0.061561322893568075,1650483816.365192
0.04134388087928815,-0.013345390348565196,0.05345986851700457,0.061778570348905,1650483816.3948243
0.04088205145725573,-0.013217095625346151,0.05283784323291489,0.061095618909645044,1650483816.426234
0.052833436585620695,0.06108942271498192,0.041148521483628964,-0.013285690964100167,1650483816.4595482
0.04140494378955265,-0.013345308062632464,0.05275552587717692,0.06092256932354621,1650483816.494197
0.04142954133507245,-0.013387052146970542,0.054087770722968,0.06113742791514507,1650483816.529424
0.054698573374460005,0.060925370210697403,0.04138025595576396,-0.013375428327206815,1650483816.5623264
0.05486397143718394,0.06022059834062659,0.04099802366557833,-0.01326852726106982,1650483816.5974596
0.05572428839020809,0.06018874190860174,0.0413591406552509,-0.013363171239993785,1650483816.6461642
0.04148560452519571,-0.01338717608721705,0.05641344920414194,0.05980078696823449,1650483816.6879466
0.05796467721322781,0.06004956004665024,0.041451606228793104,-0.0133780693206508,1650483816.7107964
0.05844795850600263,0.059058309478838514,0.04147557194815841,-0.013407008556831947,1650483816.739846
0.05993781592506455,0.05906295962157726,0.0412155386055256,-0.013314574034656728,1650483816.7875805
0.04140908138877511,-0.013378265590140733,0.06087057815738166,0.05856833446511801,1650483816.8167658
0.05904836479752565,0.05794767150020028,0.04155406846301418,-0.013440636213296359,1650483816.8421893
0.04105087856197456,-0.013273276189249887,0.05941819099482013,0.05889322549060412,1650483816.8642194
0.058869496679645646,0.05910629106867728,0.04143225193866711,-0.013405581994252739,1650483816.8923419
0.05865500518517969,0.05939139825227239,0.04155422638931321,-0.013420018902729326,1650483816.9256876
0.04145493919815252,-0.013394348237133999,0.056904584061180465,0.058076163169107145,1650483816.962796
0.04140720350105786,-0.013383240419323173,0.057001639949447284,0.05857688010819044,1650483816.9971693
0.04147555389561394,-0.01336732071936601,0.05767599491549954,0.05967313779066662,1650483817.0271437
0.05675530902190203,0.059415844852195476,0.04139349581568594,-0.013354802369901643,1650483817.1108658
0.056409216568059306,0.05939316652685558,0.04098541927883117,-0.013253647055703126,1650483817.1524637
0.05712132854745241,0.06044664288210489,0.041509187316233286,-0.013400410497506031,1650483817.1905818
0.05578130212930059,0.05932654189842102,0.04141597122901164,-0.013370311529797793,1650483817.2277217
0.055718001605910845,0.05946413394586699,0.041439631874762295,-0.013390922391559295,1650483817.2659037
0.055470898434666766,0.059455361075081266,0.04128544605207653,-0.013342156709214055,1650483817.2916322
0.05535646462614207,0.059564593549031306,0.04146380449914759,-0.013410351825583538,1650483817.3130975
0.0556140258905982,0.060018213095214386,0.04103715626399495,-0.013240261245737888,1650483817.332537
0.05551213727211508,0.060105657771027055,0.04100992700920298,-0.013238385118192027,1650483817.3687465
0.055131255862134666,0.059852936740769996,0.04135680956206393,-0.013360846023632888,1650483817.397207
0.054939081509667836,0.05984196499604324,0.041411467547090804,-0.013381926553400248,1650483817.4444933
0.055067671151071466,0.06012773367911296,0.041392051492096446,-0.0133617136074917,1650483817.4708774
0.05524548129678967,0.06040545134350502,0.04148574636210155,-0.01337481614453743,1650483817.5093224
0.054681404855594834,0.059989656568072,0.04104771107740099,-0.013267278487597328,1650483817.526952
0.05461665443215541,0.0600256676664404,0.04101306202658059,-0.013267801544670136,1650483817.562135
0.054699515351266874,0.06025421878616704,0.04140653598814617,-0.013381422056784147,1650483817.6047258
0.05433970691496352,0.05996866068174145,0.04129974701788361,-0.013328826321904791,1650483817.6293452
0.05452543339099036,0.06026550501987501,0.04106077036563202,-0.013256108929615977,1650483817.6645536
0.05405649038015904,0.05979898713834645,0.04137906364534443,-0.013384962562638185,1650483817.70176
0.041488811738359894,-0.013398556629916578,0.054314827952049935,0.06014023145710173,1650483817.7340047
0.04147116730984042,-0.013381435454777171,0.05521465557159441,0.06118778178500449,1650483817.7670221
0.04151825876742567,-0.013405512521909723,0.05449127218421305,0.060473687711371946,1650483817.796076
0.041497440867904356,-0.01339324664016126,0.05440141848826607,0.06043646476447823,1650483817.8302288
0.054133609728463476,0.06018076322134471,0.04143364838783976,-0.01335394194100125,1650483817.871728
0.04155813642569343,-0.013395517679972548,0.05403022450835749,0.0601313200808776,1650483817.9018857
0.05473631315654285,0.0609991052151403,0.041080587323158085,-0.013271043186940397,1650483817.9348152
0.041353159111199495,-0.01336964021841163,0.05497364953258367,0.06130099528299653,1650483817.9687302
0.041592432533547344,-0.013441317823209188,0.05422829582722939,0.06050896269871245,1650483818.0018373
0.04142826057825937,-0.013390827747124133,0.05442721582225258,0.06080099489060292,1650483818.0363631
0.04139116297852074,-0.01337093136457101,0.05415568928411424,0.06053643492165765,1650483818.0716498
0.04147703622763254,-0.013389518100408828,0.05377334616383603,0.0601737192136108,1650483818.1003416
0.04142855369708873,-0.013383779481377695,0.05389263501422738,0.06033528152673846,1650483818.1371481
0.054277849553653654,0.060809666364096626,0.041054248814448524,-0.01326114307345304,1650483818.1717303
0.04101882287038254,-0.01324794834012301,0.053764008347649654,0.060285877092399756,1650483818.2034633
0.053864169692636195,0.060397548002372896,0.040810471791691845,-0.013188647051534313,1650483818.2357159
0.04146214839656726,-0.013388240612883823,0.05410168219908455,0.060671178260037255,1650483818.2714274
0.04144844213072224,-0.013380429478665875,0.05382238026216247,0.06028426392221902,1650483818.2930799
0.05604044911181482,0.061352312785432316,0.04110974470416597,-0.013284942291704334,1650483818.3352365
0.0556105352470637,0.05991407389596203,0.041431100937147816,-0.013384691662535376,1650483818.3609982
0.05709245473458639,0.06032516644841606,0.041355386339528,-0.013389899496155454,1650483818.3972385
0.04144914090234059,-0.01338640208142106,0.058085965441379506,0.059983067865707895,1650483818.4345865
0.040980160593505295,-0.013247884150876098,0.05849731113695512,0.058838750667219816,1650483818.46557
0.04105078563804429,-0.013273530210868979,0.0598314914283541,0.058448305612990276,1650483818.4937346
0.060312859624618874,0.057179524174662114,0.04140026585208721,-0.013376517166429324,1650483818.5740962
0.06135544970975855,0.056546528078571356,0.0414775075598112,-0.013389487044953609,1650483818.601078
0.06234374398568114,0.0561510619788406,0.04121183679711435,-0.013304543839822313,1650483818.6275783
0.0414933648139658,-0.013436110408251217,0.06082486770525903,0.05593387989474113,1650483818.650128
0.060608186876254,0.056362188739425154,0.040983164954122527,-0.013260988327157334,1650483818.6755211
0.06044974530536802,0.05697311517261333,0.04148820215232673,-0.013409678744591832,1650483818.7016706
0.06074968507885573,0.05785762997910786,0.0413427799448301,-0.013369776467906979,1650483818.7390146
0.059426818058150865,0.05714103728482356,0.041498207299842126,-0.013405985052140168,1650483818.7690456
0.05917044567794339,0.0574580486332141,0.0414772195662491,-0.013409542919391624,1650483818.80317
0.04103065417470695,-0.013238271504079217,0.05926859899081541,0.05799672537168708,1650483818.8409874
0.05912921264886685,0.05830328294279724,0.04136182189946568,-0.013382644032124547,1650483818.8627226
0.05945974927773547,0.059019978993830026,0.041146223654730606,-0.013321108576596803,1650483818.8969505
0.0583165180991264,0.05826208773418159,0.04112776087143409,-0.013280653161159882,1650483818.9290721
0.05766312633999237,0.05803208106833323,0.041463647560585716,-0.013402636009336133,1650483818.961374
0.05787150353838394,0.05859280136122638,0.04137604225819332,-0.013360373633740923,1650483818.995293
0.041418547688567134,-0.013387515713722011,0.05848504929333087,0.05951735086776463,1650483819.0285747
0.04105614846685865,-0.01326467633846042,0.057543367069820245,0.05891636209599813,1650483819.0597947
0.041424401253132286,-0.013390926319520534,0.05683466394161482,0.05848652027384806,1650483819.0994055
0.05782187610424703,0.05978597176908915,0.04153481121141838,-0.013404331382634435,1650483819.1386557
0.05666204636507443,0.05883038520218552,0.04143402810365233,-0.013382418799047438,1650483819.194762
0.05650500052126415,0.058896460431951826,0.04138189291228136,-0.01337069489772651,1650483819.2135623
0.05636034730726482,0.058982229883134174,0.04138031237919934,-0.013390292938597032,1650483819.241329
0.057606298177894075,0.06050793668274893,0.041455037762003044,-0.013399146012275641,1650483819.2735188
0.056508840672679646,0.059625441350509276,0.04143443035677546,-0.013359754891619492,1650483819.2940757
0.05644596990818621,0.05977955786096415,0.041473204801986914,-0.013388951942591125,1650483819.3306627
0.05596677055669406,0.05947841628503018,0.04145086490906769,-0.013399480958890004,1650483819.3606596
0.05612516589872595,0.059812842664126134,0.041107924587102405,-0.013285677890902847,1650483819.3942697
0.0559887911672165,0.05978848877036773,0.041527377236344976,-0.013405352307564457,1650483819.4321566
0.05568611531321841,0.059654949557933254,0.04147517352815005,-0.013401855950556566,1650483819.4625664
0.0559553485258351,0.06005739512838961,0.04106267072742643,-0.013268905337193047,1650483819.4939632
0.05579947623230897,0.06007534533540091,0.041430760386842215,-0.013360016053484062,1650483819.532955
0.05556750150134944,0.059941221769015826,0.04125943001107533,-0.01333315017391237,1650483819.5675929
0.05562858325360349,0.060108737584434635,0.04109775437320509,-0.013274922777381983,1650483819.604491
0.055283444243356565,0.059894226674802056,0.04111578018870047,-0.013313151194174058,1650483819.638658
0.0554243229267674,0.060137052875653074,0.04104858768039935,-0.013262976612352966,1650483819.67115
0.055076567201821226,0.05985858089725428,0.040998094055050754,-0.01325787401647977,1650483819.702897
0.05594939189755716,0.06089102028399603,0.04102897121930906,-0.013260049077531384,1650483819.727
0.04133210052850512,-0.013365969024304092,0.054921991941395625,0.059896977915097044,1650483819.764107
0.055036923443893465,0.06010917484472545,0.0410761802758708,-0.013278553685609328,1650483819.7992628
0.054601777689312694,0.05967729007154031,0.041491365712685906,-0.013392615029615166,1650483819.8277655
0.054639365297500915,0.05981780368129577,0.041087971491560654,-0.013270961680461517,1650483819.8617756
0.05485380837215802,0.06012848248566946,0.041443770988882585,-0.013394870596779464,1650483819.8940027
0.0551415175033978,0.06044452575844218,0.041129897350422454,-0.013301533829016204,1650483819.93066
0.054611156514376646,0.059963282733275274,0.0415064869491936,-0.013407893976513218,1650483819.9607887
0.055368161381318455,0.06081315366511454,0.041435570030188246,-0.013377500818462748,1650483819.9961145
0.05479314141743375,0.06025439880015793,0.041455357635909226,-0.013408557743515228,1650483820.0288677
0.05486589288186159,0.06034491524898072,0.04140403867203627,-0.013355643079702141,1650483820.0639677
0.054841998441413436,0.06030511207732995,0.04090199401342367,-0.01320267228752214,1650483820.096131
0.05625665795852957,0.06038824903549265,0.04101283384861659,-0.013251872600215224,1650483820.130532
0.056410672546128686,0.05947464783101611,0.041067288894268195,-0.013271702486844282,1650483820.1617544
0.041452344436166556,-0.013367605388987385,0.0574840672648706,0.05935045461118262,1650483820.1986005
0.0581885336419381,0.058573203893539344,0.04147715142400457,-0.013388667469941449,1650483820.2356558
0.06035579811194298,0.05887460667027769,0.041422252215544755,-0.013370136427828234,1650483820.2702732
0.04162316831944516,-0.013463219074826518,0.060541328438691304,0.05718202208908056,1650483820.2963336
0.041471375458835384,-0.013417813009337904,0.0615986861510891,0.05635300117637431,1650483820.33106
0.06332964887787094,0.05639574369846165,0.04142571583872422,-0.01339491318388386,1650483820.3660204
0.04097730911166792,-0.013252990143784869,0.06350141825435118,0.05513089640642417,1650483820.3988616
0.04139944918278064,-0.013395303183732011,0.062447460976580986,0.05521424428259467,1650483820.4354908
0.04131470549332333,-0.013363497575040025,0.06302643002142753,0.05638264917637762,1650483820.4700925
0.04100474671244442,-0.01328850319915534,0.06119486798121256,0.05551411446602671,1650483820.5002756
0.04140870591994331,-0.013371229578123128,0.060959480746723006,0.0559866771376049,1650483820.5384483
0.06107815579210279,0.05666592109481481,0.04153636535896222,-0.01342677649250426,1650483820.5712473
0.060814636842879195,0.05700801653996866,0.04148102199835937,-0.013407355953711134,1650483820.6034284
0.05986804606478768,0.056651230704513035,0.041302334414482535,-0.013346172551640074,1650483820.6305637
0.04146130744322156,-0.01339229468943347,0.05972857649844967,0.057057308494383216,1650483820.6641765
0.0593937216974705,0.05718034711166845,0.04146439659092538,-0.013401940626409037,1650483820.7000797
0.0414903954219192,-0.013419787627978193,0.05916148775436869,0.05738682159790657,1650483820.7328527
0.05880853860720033,0.0574722236658455,0.04136353187902036,-0.013357926281924502,1650483820.7690518
0.05852831150062081,0.057562081738245764,0.04150412507402229,-0.013403682142065517,1650483820.806397
0.05934613886879676,0.058777041741533004,0.041497355055654356,-0.013412651112802917,1650483820.8336742
0.05790380292101092,0.057687959905613956,0.04135819276280471,-0.013360731939356054,1650483820.8627052
0.05832941933261738,0.05852842701434656,0.041107601793251854,-0.013275737191084927,1650483820.8950253
0.05775497243562729,0.058192040232409016,0.04143424761367309,-0.013359104794351885,1650483820.929222
0.041113539006869024,-0.013307257348169715,0.05852955922428555,0.05931681001485801,1650483820.962034
0.0415252916043977,-0.013418412650952125,0.05696420274011967,0.058071328784211146,1650483820.9959245
0.041122361809004054,-0.013294853415316088,0.057199154029848806,0.05853726459040734,1650483821.028782
0.05698125614345981,0.05859951587726498,0.041375832006956374,-0.013354961818748286,1650483821.063725
0.057582175977859806,0.05939245296733568,0.0414348461701278,-0.013386661271284104,1650483821.09962
0.04153366880383464,-0.013424048419953252,0.057732421005963305,0.05982852707502817,1650483821.1286292
0.05677784369973768,0.05905081963758731,0.04105838798557976,-0.013278283826889833,1650483821.1639562
0.05797524808179596,0.060461236920891906,0.04145185599754423,-0.013390236232300408,1650483821.1976817
0.056764209828823936,0.059390273776275385,0.04112435693468758,-0.013293236429800718,1650483821.229804
0.05655373894388998,0.059370251043020496,0.04120775727630782,-0.013310968030766453,1650483821.2680435
0.04137114779741724,-0.013345660800333179,0.05631345541100219,0.05927547638438229,1650483821.2944052
0.05623741616298006,0.05935069414309393,0.041042318440928115,-0.013268593659364319,1650483821.3298125
0.05650818507548646,0.05983425369780495,0.04148456689816681,-0.013411166291110029,1650483821.3634567
0.05572765817054982,0.059234140363870764,0.0415189174417653,-0.013380699542935855,1650483821.3995576
0.05589921511286014,0.059511289371541966,0.04153023828565315,-0.013392019554666122,1650483821.4360118
0.05675950332756497,0.060540849174808,0.04143820633892801,-0.013402244008112341,1650483821.4697478
0.05524718245219247,0.05906265030889792,0.04129470362908488,-0.013329888212269174,1650483821.5031533
0.05638257849785183,0.0603693732721276,0.041008400907737004,-0.013251929548516544,1650483821.5393813
0.05548164540265965,0.05960256054757193,0.041403755149563085,-0.01335904893798604,1650483821.5727122
0.05594535813337623,0.060234954888094425,0.04141333229294053,-0.013365285602489282,1650483821.6508825
0.05617188284657773,0.060573999591503565,0.041087611289021615,-0.013269269788935887,1650483821.6800742
0.05539618984963133,0.05981026327486818,0.0411189513273409,-0.013288504296331747,1650483821.7049649
0.055357154248923394,0.05982590419817112,0.04140969519260503,-0.013383586950530334,1650483821.734216
0.055961748829761085,0.060527505440824976,0.04148721074239871,-0.013390915756442343,1650483821.7679687
0.05567154960504122,0.0602768704114386,0.041413119318779515,-0.013387382475521485,1650483821.7995822
0.05528984834135542,0.059938893276867286,0.04150641808097972,-0.013423086665316082,1650483821.8310812
0.05533089098025278,0.060032861171861844,0.04131885583130684,-0.013344575101621783,1650483821.8628259
0.055440762636433015,0.060153965052938504,0.04143014090792535,-0.013378415397553118,1650483821.9001017
0.056798393810482156,0.0600816200339263,0.04141768956239322,-0.013365891566484845,1650483821.934877
0.041524356904972866,-0.013416797420959983,0.057040856141615144,0.059318243017748795,1650483821.967875
0.05786523085381848,0.058789298927880686,0.04150449443195515,-0.01342552005442444,1650483821.9968228
0.05905724560096834,0.058285736740473465,0.04142982948035875,-0.0133646192262884,1650483822.0365367
0.04103824537728635,-0.013228666644873169,0.06122729425934785,0.05834098308502931,1650483822.0721254
0.06261234654849897,0.057609495988818704,0.041066565247292394,-0.013287520757978436,1650483822.1050358
0.06370882808465739,0.0567763990257424,0.04109126349811386,-0.013295053417436892,1650483822.1315987
0.04150782615299829,-0.013418986298148184,0.06321845972518063,0.05467473807653842,1650483822.1697197
0.04145018843355071,-0.013398321504565816,0.06388109676545763,0.05381353118225161,1650483822.2025084
0.06320553166200982,0.054228572653683645,0.04136246274116417,-0.013416375339304409,1650483822.235987
0.06267258409079642,0.054425349836800425,0.0413801022985309,-0.013386205477342279,1650483822.2677124
0.062142965408269135,0.054682281341918444,0.04165568205611746,-0.013450206007601915,1650483822.3054764
0.06202024072417991,0.05525178629753755,0.041333707090464626,-0.013351359642797513,1650483822.3345823
0.041094911074434935,-0.013295858346537114,0.06157194237776769,0.0554678883197872,1650483822.3635383
0.04097283629718426,-0.01326700429278237,0.06127714209386958,0.05585474498849879,1650483822.3967645
0.06060117151418325,0.05578756770786676,0.04145839828198292,-0.013384669188687864,1650483822.4291213
0.060467933304652076,0.05620057669240184,0.04127493617283077,-0.013327990656351296,1650483822.4670043
0.06104309318359568,0.05727996775333261,0.04143459160306654,-0.013369626181098077,1650483822.5122862
0.041440652639579856,-0.01337272774922093,0.06010066131944494,0.05690662623936817,1650483822.5369332
0.04128269762134501,-0.013327102028584427,0.06005885519167376,0.05731801320777221,1650483822.562193
0.04155972267992547,-0.013440816729708356,0.05903472988898172,0.056753811658570484,1650483822.5964713
0.041337897526878525,-0.013340255992205735,0.059614447400798444,0.05771955782269852,1650483822.6325045
0.04147323674510475,-0.013406749048358391,0.059089474205374685,0.05764346231610089,1650483822.666446
0.059146926793062486,0.05804041711498749,0.04100548923110968,-0.013251293350295226,1650483822.7010992
0.058601928101187015,0.05790902962115714,0.04103253642824102,-0.013255669143649255,1650483822.731725
0.05768066574115153,0.0573469915460442,0.04139939822302911,-0.01338570983621563,1650483822.7679465
0.05903485076413029,0.058997901889641026,0.04159153780943019,-0.013406164610965755,1650483822.8033466
0.058561849699224636,0.05888774897598609,0.0414127165807138,-0.013384550791230252,1650483822.8339665
0.058251444108536714,0.058783336725130454,0.04118977515840932,-0.01328937230434187,1650483822.8662243
0.05892671694217593,0.059753441458416934,0.04103852433753836,-0.013250897344411509,1650483822.8963022
0.041417743387223475,-0.013370378418090353,0.05723207020910927,0.058288680289875855,1650483822.928439
0.041114944638291864,-0.013273667825425045,0.057643708703554605,0.05893849139670206,1650483822.9718413
0.04139485734742544,-0.013388476141274341,0.05743484538525172,0.05899783916154199,1650483823.00161
0.056799376643982546,0.058561471012451044,0.04144072362410498,-0.013376000669899126,1650483823.0383363
0.057304969757777754,0.05920186353645776,0.041542146322247675,-0.013426526462189574,1650483823.07179
0.05780756866508145,0.06000065261705809,0.04140747465200875,-0.013343641046147674,1650483823.1044495
0.05664083439670628,0.058898708908797434,0.04156881140255721,-0.013413990360002664,1650483823.1372736
0.04142959629926237,-0.013374691631345264,0.05744595157604305,0.059953010430986775,1650483823.171788
0.05678553519112173,0.05939982879837676,0.041494529202136345,-0.013393956405509343,1650483823.2098427
0.0570213944581555,0.05984724959880346,0.041464962844383564,-0.013391226502451815,1650483823.2354815
0.04146366443228124,-0.013394073462077225,0.056968375266620325,0.05994484088534019,1650483823.2685065
0.05689854506233368,0.05997852476231316,0.04137200740170256,-0.013350545547099062,1650483823.3015993
0.056985554025445646,0.06021424116296953,0.04131582719629577,-0.01335629418753506,1650483823.3364897
0.05668530324357397,0.05999965069639109,0.041522581509665445,-0.013395068261643646,1650483823.3723176
0.05686219913946203,0.06027262088201931,0.0415185757705366,-0.013407921055869132,1650483823.4089663
0.05603795671787136,0.059555545493251545,0.0414401707080107,-0.013341034023322006,1650483823.4418695
0.055771481440718404,0.05938531136349374,0.04118828434472909,-0.013297546548265655,1650483823.4762871
0.055591115420189914,0.05922819282258309,0.04164056450192581,-0.013442838181186516,1650483823.501456
0.05579046336064291,0.059553865511101915,0.04107712964140954,-0.013253514576419224,1650483823.570861
0.05628886387343889,0.060156821070673515,0.04165469603972101,-0.013425150081708788,1650483823.5961072
0.05561097626714766,0.05956941417384681,0.041527387692164366,-0.01337262612007679,1650483823.620154
0.055849210838933565,0.059890842187206125,0.041583254739767914,-0.013411821711091143,1650483823.6429253
0.04162779687212266,-0.013422227488978224,0.05634095671632338,0.06048776569988136,1650483823.6721442
0.056183054103646796,0.060267254623876346,0.04129090233637113,-0.013333973079722049,1650483823.7107368
0.057022491275013125,0.059652050960700385,0.04169030181693141,-0.013431595396395556,1650483823.7326746
0.04161916708008761,-0.013411290433505635,0.0576601279596452,0.059222258630800065,1650483823.775495
0.05840970778049572,0.05861972370701857,0.041655591332873665,-0.013452923184053667,1650483823.8046153
0.04166265041571042,-0.013451552013811959,0.060732409262549504,0.05910166299764478,1650483823.836307
0.06123316904005059,0.05740123524310846,0.041572304756357155,-0.013414365814017675,1650483823.871506
0.062366461719191114,0.0563819568721805,0.04158306880968225,-0.013416899173296118,1650483823.9047034
0.041539958151930796,-0.013417593747091183,0.06363068956407045,0.05554911492391499,1650483823.9381723
0.041504111211810135,-0.013425068086550146,0.06443394813546593,0.054492713388961236,1650483823.9758823
0.04152864202225389,-0.013463832808502784,0.06445115429868037,0.05301712981828189,1650483824.0026753
0.06392069971587211,0.05342032908881656,0.041530965804995074,-0.01343915188011935,1650483824.0432396
0.06377799909800567,0.0539421858873678,0.04115811977512583,-0.013331015261620548,1650483824.0706472
0.06302754754389468,0.05402640906275534,0.04110464191861882,-0.013281983557050464,1650483824.103292
0.0629646667648545,0.05464460220791821,0.04152788986158742,-0.013413372613032111,1650483824.136098
0.06259894481665994,0.05495393151095086,0.041352677207555054,-0.01336208659942556,1650483824.1727767
0.0413884399806601,-0.013409688146248776,0.061449486207572825,0.05453245666554876,1650483824.2038224
0.04144789558556953,-0.013392601639067078,0.060918971438800276,0.054677524607185585,1650483824.2351472
0.041365227841167106,-0.013387923747138753,0.060927616764886464,0.05524590229967903,1650483824.2704074
0.06075206406189701,0.05565668442975464,0.04135391119533177,-0.01337581801942775,1650483824.3076565
0.06171110143710433,0.057012278658865614,0.04150494315382703,-0.013427676749547384,1650483824.3397653
0.06056237874719369,0.05646402618211814,0.041470817859214984,-0.01340797489618947,1650483824.3674114
0.0412950723118489,-0.013340291073081895,0.06028336723805742,0.056690210306191174,1650483824.4015536
0.059802161092547865,0.056679904695801246,0.04139936654560799,-0.013366514075435428,1650483824.4389389
0.041204790021133676,-0.013303558255573033,0.059768309822214115,0.0570371595474381,1650483824.4706278
0.0413340329113498,-0.013362964847298939,0.05929074217306618,0.057047758737675765,1650483824.5027874
0.05959046367623421,0.05771642924346442,0.041380293622867506,-0.013374343936903454,1650483824.5348346
0.05878993049293283,0.05736467518167933,0.04140087772564376,-0.013378593308395735,1650483824.5689468
0.05888899973402248,0.05777377365050917,0.041498898968243554,-0.013392182042062384,1650483824.605055
0.05874394513799121,0.05798014798502129,0.04138034037002826,-0.01333808967707431,1650483824.6384299
0.058522988523374855,0.058046493557606625,0.04110248628784146,-0.01329836895354303,1650483824.6757436
0.059378580390320894,0.05921399264254576,0.04148826139183543,-0.013409454908705355,1650483824.7030303
0.058836459511374825,0.05896055861195369,0.04135978543864861,-0.013337273729010618,1650483824.7343116
0.05763527389136806,0.05799921021824599,0.04143605962846845,-0.013380961564062488,1650483824.7716515
0.05778476114364813,0.05838027646924543,0.041490323433216916,-0.013402003291524916,1650483824.803124
0.0574175853543846,0.058242220012484226,0.041498806494545605,-0.013405940518828728,1650483824.838516
0.05800843134389543,0.05907642595572254,0.04138847912008009,-0.013341548492441305,1650483824.869684
0.04133593839632044,-0.013357465834717955,0.05868618408629443,0.0599687024767566,1650483824.9024875
0.041304280272961735,-0.013322814479954988,0.05846142260119732,0.05993160379798481,1650483824.9453652
0.04099810581603422,-0.013240292156051468,0.057818174669605545,0.05945264745597385,1650483824.9697902
0.04105106012614087,-0.013261282992763882,0.056875354863606155,0.0586942567073878,1650483825.0008907
0.04127156672957802,-0.013309113445309972,0.05766827151412994,0.059712724422044075,1650483825.0371203
0.040886054030183916,-0.013204646214075163,0.05684860185898452,0.05898828304536534,1650483825.071439
0.05675053734924703,0.05902660540672283,0.041331188622671974,-0.013344090149620543,1650483825.102195
0.05603893952785147,0.058413448302672845,0.041392053572509066,-0.013366046166829989,1650483825.1358333
0.05741363878523321,0.05990979504865976,0.04135126191256966,-0.013362752416333726,1650483825.1675324
0.05637271411228625,0.05897880104878571,0.04139133148897215,-0.013360056155485732,1650483825.202866
0.05747328563054005,0.060256533172800435,0.04128959990018983,-0.013354596807992366,1650483825.2376225
0.05642433203708673,0.059290054763521824,0.041301714381753216,-0.013349598789479198,1650483825.2759757
0.05624509481613242,0.059179320253192474,0.04134894978551623,-0.013378653737205246,1650483825.3038027
0.05658079145985693,0.059621269637941315,0.04124836278469854,-0.013358197633461874,1650483825.3370013
0.05615861257654849,0.059326736719096315,0.04112491172616724,-0.01327498091536941,1650483825.3708792
0.05604113149574634,0.05924133753553628,0.041181760229837605,-0.013323857589148468,1650483825.401144
0.0572000139603543,0.0605326767606813,0.041235314953099456,-0.013345771520965393,1650483825.4372017
0.05599010654205508,0.05933556487389234,0.04121564640364896,-0.013334834132176725,1650483825.4697556
0.04110144612536099,-0.01327905167964529,0.0561574658058404,0.05954419370382894,1650483825.5021548
0.04125729510797938,-0.013340165816806035,0.05701109877547719,0.05889639299034899,1650483825.533294
0.058290168557375975,0.05904362884662687,0.0410602129698342,-0.013286892314840858,1650483825.5732844
0.04113884705843846,-0.01332802441235724,0.059654287430876085,0.058945199015257355,1650483825.6034448
0.04112335975834024,-0.013289759261598038,0.06069579254616067,0.05805046436659815,1650483825.642722
0.061262873943254234,0.05636814146039233,0.041149563783197514,-0.013301955392332157,1650483825.6758595
0.04118862014074729,-0.013332334830393585,0.06258431874647277,0.05538486619603903,1650483825.7122252
0.041199765623351654,-0.013379109463028973,0.06295301390393719,0.053702336767413136,1650483825.7428145
0.041166366920983244,-0.013349728429213349,0.06421178900479788,0.05296615132369774,1650483825.7748358
0.0650992469383047,0.05203995372303382,0.040826717971664254,-0.013250413838592684,1650483825.8064005
0.04106386482974165,-0.013332488787469161,0.06443475363161337,0.05240334812385364,1650483825.8403797
0.06392090646148063,0.05255840482098361,0.04116714398838789,-0.013363718077967464,1650483825.877107
0.04125603713131476,-0.0133744718393143,0.06369752623078588,0.053106843479283336,1650483825.9061606
0.06339488045071584,0.05349736420212937,0.04122715385902702,-0.013366447320824697,1650483825.9378707
0.06249818214794121,0.0533272985233582,0.04112929650974193,-0.013315041213036958,1650483825.971973
0.06382519248145517,0.05516717024207326,0.04122738692602671,-0.013362611437979342,1650483826.0052702
0.06178198605183261,0.05401098785684471,0.04139847182950456,-0.013385448957070209,1650483826.0348067
0.041233754883321476,-0.013356674105544572,0.06155798253801437,0.054376888695252534,1650483826.0674906
0.06129840137607173,0.054742355240385655,0.04136199058538806,-0.013386891662871778,1650483826.1010034
0.06114387529563086,0.05517310752992065,0.041286988915056395,-0.013361269009171948,1650483826.1363554
0.041293885238098134,-0.013371425097964981,0.0608773099829675,0.055394620702219934,1650483826.1754088
0.060436327658806535,0.05552897348249516,0.0413030899771658,-0.013353664173092502,1650483826.2106931
0.060445798067250325,0.05596428729893323,0.041202193007165544,-0.013316657602862176,1650483826.2366116
0.06015248383291852,0.05618745470534942,0.04124741658769242,-0.013354596414057372,1650483826.2695498
0.06031824112759302,0.05679632993211837,0.04127152619908396,-0.013341328897981827,1650483826.3041425
0.059539467787184365,0.056483757270956614,0.04126909709707438,-0.013344157557087455,1650483826.3389463
0.041285728689098605,-0.013333412065669525,0.0606321652956292,0.057975005136340484,1650483826.367036
0.059438475894540876,0.0572282525076385,0.04124003394693152,-0.013316352174049651,1650483826.403604
0.04129789054740955,-0.013343048256098396,0.05980447422141962,0.057932348022839204,1650483826.4387662
0.04102330096853872,-0.013258861955773662,0.05882239554110297,0.05733812324240482,1650483826.4704533
0.04129244596230089,-0.01334560866841352,0.05846891285183773,0.0573004067543138,1650483826.5040174
0.058579636477840924,0.057685240345598306,0.04133795754425619,-0.0133437612430826,1650483826.538267
0.05946318744301625,0.05884099401746969,0.04139778037045847,-0.013391043865631254,1650483826.571463
0.05819886636948891,0.05788022882174024,0.04137640038449808,-0.013370285513491675,1650483826.6119099
0.05845476346338395,0.058354090044482394,0.04124141051871142,-0.013339734368974596,1650483826.6406558
0.057766961786315095,0.057909923182820004,0.041323770403406145,-0.013375546313482279,1650483826.6714246
0.05790707875825314,0.058320376720563664,0.041255780972600374,-0.013317569675321727,1650483826.703752
0.05825101197475859,0.05885779929204074,0.04136290588388663,-0.013386741099271843,1650483826.7403326
0.058390854871770856,0.05923774059585085,0.04140097706570793,-0.013367927066581057,1650483826.7713866
0.04137150491322872,-0.01336002873042943,0.05871821187163781,0.05971436801780304,1650483826.8018858
0.04136276812335991,-0.013374412023625047,0.0584257189479395,0.05964560662207543,1650483826.8366845
0.04135313914215737,-0.013337338722439154,0.05687551835502258,0.05819637870280463,1650483826.8673265
0.041290653852191585,-0.01335600496764017,0.057296688213188444,0.05880903325855492,1650483826.9059334
0.04130890997775309,-0.013340524016804762,0.05707890128782576,0.058730544460459964,1650483826.9364967
0.04127810819813839,-0.013340402020471744,0.05703055580501721,0.05886760206158337,1650483826.97348
0.04141012887792066,-0.013386444809912747,0.05816631458676716,0.0601314020506492,1650483827.0036438
0.05749841580294512,0.059603577810562754,0.04129288835559504,-0.01334238033091235,1650483827.0395298
0.041343504228450643,-0.013355283654224512,0.057815612922193615,0.060057696921102334,1650483827.0763657
0.04098082455591377,-0.013222908190972266,0.057700357847961445,0.06008312048286382,1650483827.1048017
0.057602157599064785,0.06007545580572197,0.04131410763493366,-0.013322154134718538,1650483827.1382806
0.05723226514809379,0.059777384243138075,0.04129488252833961,-0.01335596468935103,1650483827.1728382
0.05635064699760477,0.05893777053241087,0.041276685174323854,-0.013348568253875781,1650483827.2048068
0.057562681464189906,0.060259906442430435,0.04141407988181756,-0.013367057694865809,1650483827.242665
0.056899161301150164,0.05966903164984412,0.04135108688280202,-0.01336183340821527,1650483827.272472
0.056224597954209254,0.05892733533745871,0.04124441444048214,-0.013298391198611195,1650483827.3064387
0.0413462584384333,-0.013350984654988,0.0584136552160895,0.05968982162449403,1650483827.340263
0.05948904307493705,0.05957672154784403,0.0412491182354812,-0.013332036598327688,1650483827.370741
0.05923296066232919,0.05776344640866629,0.04121962536088637,-0.013316110447598832,1650483827.4062746
0.060986076576478386,0.05744239864581132,0.04130094757437522,-0.01331502089213884,1650483827.4368515
0.062303263088558526,0.056378245610803776,0.04128235152646477,-0.013343239536067834,1650483827.477419
0.04129294436495474,-0.013352591670511121,0.06350447506445075,0.05516514779750406,1650483827.5081074
0.04120250398465726,-0.013360016047166854,0.06514982126138888,0.054468076411644174,1650483827.5439432
0.06501205563549153,0.052461769801411366,0.04104594486983831,-0.013303973784024857,1650483827.571185
0.06617882253092826,0.051814054956810164,0.04127822610283644,-0.01336685575979664,1650483827.6081207
0.040884574133543745,-0.013285821424356843,0.06475685589086891,0.05156865331618981,1650483827.6378975
0.064796727072266,0.05221925744122764,0.04101277695351171,-0.013304641683879735,1650483827.6732743
0.0640007982106224,0.05226002083124204,0.04138764456864805,-0.013400179982246551,1650483827.7056906
0.06374012265019922,0.05263665288786772,0.04143653303336659,-0.013395528802933071,1650483827.738009
0.06364466598990215,0.0532340268536093,0.0410080705432871,-0.01327836407643657,1650483827.7717345
0.06289003884574074,0.0531828536792913,0.04136206176911866,-0.013398000595301161,1650483827.8023257
0.06281531586552684,0.053780156446370214,0.04132960029952501,-0.013355871982773477,1650483827.8397894
0.06259387458517474,0.05424294741993523,0.041260206304106324,-0.013328561781803269,1650483827.873916
0.06177198539039077,0.054050172638884154,0.0413092927129543,-0.013354222682830767,1650483827.9059715
0.041333986925410175,-0.01335597385934331,0.06174325222150135,0.054600043740790936,1650483827.9380198
0.041239675130195726,-0.013341265267977593,0.06122401239751112,0.05473726707406738,1650483827.9739654
0.06125409729099528,0.0552519752173267,0.04132887870058749,-0.013367174765499592,1650483828.0078173
0.0412715001442124,-0.013332160441389148,0.06125434916146248,0.05576386510940119,1650483828.0443108
0.060770069337421614,0.055834373383881884,0.041384451181230214,-0.013359598526661541,1650483828.071514
0.06047636217777257,0.05604089397466046,0.04139245371695168,-0.013371251114489256,1650483828.1061497
0.06021919129841248,0.056225494374382,0.04134807906585515,-0.013353641033951357,1650483828.1371512
0.06006428354747492,0.05651335765533906,0.04127268143452052,-0.013333548179976054,1650483828.1915398
0.041222115416526595,-0.013317981181641177,0.05964204901685199,0.05654353430781019,1650483828.2168884
0.04152020884836311,-0.01341567184079689,0.05944771316164959,0.05671525513175471,1650483828.2434065
0.04137451859122277,-0.013359788857148426,0.06037298051606538,0.058032792181794676,1650483828.2708495
0.059187102859504064,0.05721658511103409,0.041390828917822066,-0.013349793698279407,1650483828.3102932
0.04128236428971165,-0.013312095288998882,0.05955591406046981,0.05790920454334753,1650483828.3440757
0.0413232225594569,-0.01333151629463534,0.060063234006575976,0.05868521173725541,1650483828.368933
0.04132424021627251,-0.013327506697520902,0.05854412547103514,0.05747443360185911,1650483828.4026496
0.05835703048244078,0.05758320572538649,0.04134265673773402,-0.013329551922863623,1650483828.440187
0.05829972964491689,0.057803453964912876,0.041358798298755196,-0.013334274966566927,1650483828.4776955
0.058000630818468936,0.05766752547908441,0.04133686336479875,-0.0133481329990905,1650483828.5085146
0.05794694871272905,0.05788880582069559,0.04135480727425453,-0.013348270886699555,1650483828.5440195
0.05765762930092012,0.05784222177872818,0.04133936330589227,-0.01335284015033877,1650483828.5746737
0.05818575764329897,0.05854747481559193,0.041333732037467305,-0.013341844531041583,1650483828.609431
0.058592173442779526,0.059117534923351533,0.04131708771858317,-0.01333878738149294,1650483828.6435006
0.05737675024370597,0.05810920700593847,0.041013738263542335,-0.01325666288165713,1650483828.6763184
0.05789875198434844,0.05881565372076013,0.041348762502013706,-0.013327874911144021,1650483828.7059538
0.041304787595251566,-0.013324050915767237,0.05831883131838822,0.05937397038052774,1650483828.7409823
0.057848792206399303,0.05907469513581834,0.04127215600705608,-0.01332767248190072,1650483828.7754579
0.04133417768663213,-0.01334547627443326,0.0571040762314167,0.05846245837783231,1650483828.8065972
0.04138257973236323,-0.013359061234285501,0.056858133821940035,0.05835497347646196,1650483828.8410099
0.04124570131431468,-0.013309359769658411,0.05692688142801815,0.058544843037239155,1650483828.8811514
0.041465495989724085,-0.013367716427681753,0.05699255259395314,0.05875258247522077,1650483828.9096494
0.04136266894241346,-0.013356993069038885,0.057359386974668906,0.05924222099139841,1650483828.9421513
0.04130901986843215,-0.013331346993394881,0.05792684562036117,0.05995747128452554,1650483828.9729922
0.04094549502894885,-0.013228216577376453,0.05796960005485188,0.06014137719890402,1650483829.0093882
0.041324354667944964,-0.013341189959862472,0.05730761735112123,0.05959429665242636,1650483829.0401225
0.056938850346958406,0.059225267623206734,0.04128168855345395,-0.013317214082746361,1650483829.0746927
0.04133913375573557,-0.013345468946510272,0.05698241489581735,0.05930035231539061,1650483829.11016
0.05825783112833198,0.05896375903480273,0.04134628043766588,-0.013330920768774797,1650483829.1402102
0.05907754619594079,0.058570620077598896,0.041304582416228905,-0.013331409200576499,1650483829.1693642
0.04129599253740245,-0.013342677880476609,0.060835064626993104,0.058682824950722856,1650483829.2155476
0.04135169703170399,-0.013369663944217774,0.062398706208436336,0.05803953020491969,1650483829.2450242
0.06300078669016507,0.056141816715629005,0.04131779999399348,-0.01335836790599886,1650483829.2743182
0.04133898301812092,-0.013366983015515243,0.0636883362065071,0.05438811410866224,1650483829.3064785
0.06441398104448183,0.052774260943985254,0.041303613232396105,-0.013394297838018663,1650483829.3401124
0.06567171249288396,0.05182131690050084,0.04127417804416388,-0.013354862119035348,1650483829.3721478
0.06660889883260403,0.05101833988801256,0.04133525025747277,-0.013364972398498256,1650483829.4056427
0.041341108527392895,-0.013417458044063498,0.06539707935255093,0.050945901663535055,1650483829.438452
0.06501089992627289,0.051211661017260865,0.04138346730342547,-0.013423238092976176,1650483829.4748242
0.06406174157280166,0.05122445031110118,0.040960128935897504,-0.013258030752739344,1650483829.5030916
0.04129659151617965,-0.013335482455467302,0.06435001608967987,0.052056543351509416,1650483829.539026
0.06392442462551903,0.052298782282280645,0.04131049802844427,-0.013379800721340806,1650483829.5725963
0.0412195105569514,-0.013343143050736713,0.06385844666322416,0.052914263111019856,1650483829.6107018
0.06322921142000684,0.05305961074143667,0.04129771380877331,-0.013331160913913682,1650483829.6430378
0.06283124506721559,0.053312758708779676,0.041325862556905256,-0.01334741897082509,1650483829.6727118
0.06291906156984066,0.054026352608397644,0.0414050420830569,-0.013382304676993476,1650483829.7087083
0.06231687658069167,0.054097747949605084,0.04129279992294751,-0.013352637411536378,1650483829.7441878
0.06214737152039738,0.05454446118075995,0.041283246415679015,-0.013340158667038917,1650483829.7742033
0.04133551771328233,-0.013337553590369736,0.06312378940608611,0.05596007042538368,1650483829.8030894
0.04127399488849295,-0.013330330088488407,0.06152210523824556,0.055010820740320904,1650483829.8399253
0.04135974744360577,-0.01334687914040435,0.06137870955096383,0.05544493497791918,1650483829.8737042
0.04125306714673008,-0.01331660306453952,0.061112772584993286,0.05568806359237534,1650483829.9075983
0.060729577085455386,0.05583472096662041,0.04126049133812959,-0.013307270521257084,1650483829.9374645
0.06067237182182059,0.056227069885663936,0.04132675134129323,-0.013354361984742887,1650483829.974
0.04134808208813842,-0.013348823536629018,0.061396714063328015,0.05733149141774633,1650483830.0067463
0.0604280141351405,0.056825332283554034,0.04129962220753631,-0.013339818318780113,1650483830.038829
0.06105131235663781,0.0578066892098203,0.04125187449643792,-0.013322039973958979,1650483830.0751185
0.041357437691450644,-0.013347984555017959,0.06075322312801646,0.05787356435891324,1650483830.1095383
0.041324542569754874,-0.01333441037902314,0.05946455838362959,0.05706778989987858,1650483830.1512094
0.06053935795019833,0.0584148197799531,0.04137623373615862,-0.013323186956944722,1650483830.174905
0.06023510513194801,0.05842999016693668,0.041270119678528706,-0.013313896037532552,1650483830.2313957
0.04141703371811506,-0.013373593203300596,0.059514371132753846,0.05803561809996918,1650483830.2543967
0.05888027413214182,0.05763266710799224,0.04138024657675542,-0.013369315816364526,1650483830.2790823
0.058390952364811934,0.05745028249496155,0.04123957014110619,-0.013292296066354771,1650483830.3117878
0.05830418470915005,0.057602140115380916,0.04132127389866043,-0.01332386008496486,1650483830.3432658
0.059418725176581144,0.05895597439930308,0.041265745284586944,-0.013319212855813351,1650483830.3752267
0.05800431534380506,0.05773893828055739,0.04129439616206262,-0.013341013529744707,1650483830.4085553
0.05801051579862385,0.05798409362498205,0.041317737459899265,-0.01334016799523278,1650483830.4414697
0.05852659153835265,0.058618471876415876,0.04127084241680894,-0.013328639255231556,1650483830.472354
0.057907641548613206,0.05825874417669415,0.041346483034068,-0.01334690306634728,1650483830.5032578
0.05814033171594631,0.058662809560182834,0.04122522569180091,-0.013296681603327124,1650483830.5418928
0.05796720599260489,0.05869097663763629,0.04134376010387561,-0.013336067762159965,1650483830.5740833
0.05772837593300387,0.05856260760599488,0.04126252210707734,-0.013338586106904854,1650483830.6097593
0.04139373719794325,-0.013359874725386897,0.05815781118899921,0.05910931222435269,1650483830.6438377
0.04137060896170051,-0.013357349839979207,0.05747140146252689,0.05860175896598995,1650483830.6764758
0.04127379643405827,-0.013340597985806725,0.05724464393874429,0.05846294281041161,1650483830.7086475
0.041312770175180154,-0.01335098110741584,0.05731224603603508,0.05865139644369196,1650483830.7438135
0.041373165905377166,-0.013374095387470732,0.0571352049182882,0.058615196085392327,1650483830.7754323
0.04135406162554561,-0.013335166814108767,0.05699468873023089,0.05857468755169192,1650483830.8103838
0.04134913249386569,-0.013352280794929052,0.05775441220178736,0.059437759784747274,1650483830.8425794
0.04111648666714515,-0.013245169642130265,0.057092426110769964,0.05888430889330263,1650483830.877185
0.056938001561928624,0.05873106273735152,0.04129417462825982,-0.013321586065818809,1650483830.9109476
0.05920463864394205,0.0594499674365392,0.04124300640352838,-0.013304972370111781,1650483830.9404962
0.05990655132030177,0.05888151286466282,0.0412538912853613,-0.013301879935537208,1650483830.9765954
0.041272804118581134,-0.013334482861926183,0.06060863561576655,0.057865165013192894,1650483831.0097516
0.041271744673290055,-0.013332018520188501,0.06146112269938596,0.056548211077049715,1650483831.0450456
0.06376053508119613,0.056199255186370894,0.04118086817019972,-0.013307993683578092,1650483831.0777981
0.06410552043247338,0.054124724780581994,0.04126356311288471,-0.013337185905733243,1650483831.129587
0.04124989959299267,-0.013391169304665995,0.06640469024448632,0.0538104271618059,1650483831.1552358
0.06627518534555045,0.05175525835999739,0.04135771586428885,-0.013414193561873247,1650483831.1892161
0.06676512675519618,0.050648117761130325,0.040996509472453264,-0.013306156917098572,1650483831.2141652
0.06556829430184832,0.05067643351888829,0.04120689085643877,-0.013413646747179798,1650483831.2511637
0.06561292967776261,0.051326177504469446,0.041267941687672685,-0.013370787421925394,1650483831.2776878
0.06459350205471356,0.05120540829676839,0.04125601349991852,-0.013348829165910353,1650483831.3116243
0.06450592331824793,0.05174111799372377,0.041326844337697365,-0.01338570273372096,1650483831.3435817
0.04126900702775574,-0.013375771687723876,0.06419642022092975,0.05211527396087887,1650483831.3781078
0.041214491602752985,-0.013341349324441842,0.06415012755313221,0.05274015013688137,1650483831.4044063
0.0634941099032293,0.05279442561242216,0.04133298937610357,-0.013376762688955905,1650483831.441141
0.04133742628370567,-0.013378983137290211,0.06246693395989299,0.05317783216271967,1650483831.5351882
0.04126890381923148,-0.013353851769643358,0.06356715778067673,0.05471193601090579,1650483831.561029
0.06208778802431929,0.054028300586493834,0.04098359544891886,-0.0132670344988801,1650483831.586669
0.06204382523820562,0.054562955956839645,0.041279904134979166,-0.013342866962297183,1650483831.6381643
0.061881776004870874,0.05498062567666722,0.04127676493513208,-0.013339929821233366,1650483831.6565018
0.061259102650270514,0.05488665194600938,0.04132988128206633,-0.013365850748222052,1650483831.6797593
0.061007639368567956,0.055159600692067365,0.04097125064584487,-0.013254202573344486,1650483831.7039974
0.04128687277788956,-0.013330288809537981,0.060654312374478374,0.05532402393844317,1650483831.7417543
0.06089945343526503,0.056027953535322736,0.041262635593373245,-0.013345736680456062,1650483831.7745657
0.06054380845577386,0.0561148992040386,0.04114475855111268,-0.013290478069877761,1650483831.8091023
0.060796633157992275,0.05674272492734382,0.04126903954567173,-0.013327213187608537,1650483831.840529
0.06027688685174348,0.056650203870067764,0.04097179335714404,-0.013249446790388046,1650483831.8783853
0.04128144642622861,-0.01332263512321929,0.06104448868012265,0.05774546741469346,1650483831.9108162
0.04132698295657786,-0.01334395027397958,0.05967746255508827,0.056814320676929445,1650483831.9412973
0.0597019724197278,0.057204822767131805,0.04129033309976901,-0.013323863854015622,1650483831.9777772
0.04122441316410936,-0.013307217663701137,0.06013365573466407,0.0579310861268789,1650483832.0107822
0.06034569489927688,0.05841799583376584,0.04109236849326238,-0.013237873515629063,1650483832.0450397
0.041281802171059354,-0.013306475854278263,0.06026054099372905,0.05864523716688205,1650483832.0769265
0.04117056872152849,-0.013277758159434749,0.05932567691997452,0.05796396741978055,1650483832.1124072
0.058818186636289155,0.05772710152657466,0.041284044540991154,-0.013308062417683232,1650483832.146938
0.058481043118432996,0.057628099775509777,0.04121726339720351,-0.013311399553725704,1650483832.1710017
0.058157852177314666,0.05758542777482844,0.040987285715844424,-0.013241155361409407,1650483832.2089818
0.057795757652444775,0.05739281875094074,0.04129150648765002,-0.013339083660173756,1650483832.2442453
0.057851992499754486,0.05767451548650755,0.04133460878313756,-0.013340618225355547,1650483832.2748985
0.0586962588165487,0.05864414065620491,0.0413194950453226,-0.013338222772516738,1650483832.305557
0.05790592194985919,0.058090799070080544,0.04127158220836241,-0.013334445119884993,1650483832.345227
0.05792615610266443,0.05829772564423291,0.041374014011826776,-0.01334822261247915,1650483832.378182
0.05786567641033132,0.05839216663899228,0.04127424044354002,-0.013325338737164332,1650483832.411311
0.05847321072383393,0.059106964975528205,0.041245406212910785,-0.013300866397962562,1650483832.441174
0.05755092920467455,0.058424601993481005,0.0413099546749443,-0.013330267363610428,1650483832.4795575
0.057487218278897294,0.05844529782358015,0.04127807715610157,-0.013336692994943415,1650483832.5118034
0.041380129930630144,-0.013331200599652333,0.05713720948595818,0.05824045100081957,1650483832.5440273
0.04129472532023578,-0.013339151209622707,0.058233872809580214,0.05945214685304487,1650483832.601333
0.041299760128048056,-0.013334382008572067,0.05752538773158014,0.05879514191912706,1650483832.645067
0.041393546061547014,-0.013371112651424901,0.05821910140214019,0.0596241295273291,1650483832.680132
0.041244190635134875,-0.013324971830447277,0.05730489405363963,0.05874625177198895,1650483832.7104456
0.04125143920315603,-0.013303337088365888,0.05732499209218842,0.058782993338781085,1650483832.7395732
0.04133178421476568,-0.013322308969166084,0.05854842313086327,0.058426416240284176,1650483832.7628393
0.04134364705204856,-0.013345156882692963,0.060104346845523786,0.058738925647964735,1650483832.7854702
0.060580671850374315,0.05739574908568934,0.041260416357333206,-0.013324834545451731,1650483832.8099654
0.06164536523665584,0.056107778989575606,0.04131073513067622,-0.013353532219357816,1650483832.8608718
0.041325066167254135,-0.013353059194853599,0.06343550050940183,0.055138521831886375,1650483832.888249
0.0411784320023439,-0.013327511242023951,0.0646116887783408,0.05372424900035062,1650483832.910057
0.06550954105428344,0.0522033853042147,0.041407154532732755,-0.013378950872392251,1650483832.9423609
0.041270213378034326,-0.013385272926515675,0.06665728612341942,0.051097685949934975,1650483832.9803226
0.06720520767739584,0.05003568341387613,0.04110312241746835,-0.013339979754428796,1650483833.0057375
0.065683639031269,0.04979377705154968,0.04101395942297913,-0.01333778536930408,1650483833.0434706
0.06544256597842206,0.05022388180064608,0.04128765268316344,-0.0133957489065065,1650483833.079013
0.0651709210892461,0.05069387762029478,0.04125687272969056,-0.013349723363674999,1650483833.1112628
0.06476071442583861,0.050953838249158626,0.04125535799096561,-0.013347428659424912,1650483833.1440403
0.06641354863034594,0.052892342686084115,0.04094822808205461,-0.013293397117445779,1650483833.1798582
0.06424571731150162,0.05179146745375764,0.04130799821733749,-0.013370672277345608,1650483833.2146256
0.04128568747261225,-0.01333657702924584,0.06519635285059731,0.05324198588806676,1650483833.2468264
0.0635658993274291,0.052538377538860356,0.04128106722710316,-0.013356650965936065,1650483833.2861953
0.041323157683383314,-0.01335003443506298,0.06366202122103842,0.05327265710344797,1650483833.3080301
0.06281781324858877,0.05315435325636352,0.041330356883119514,-0.013359430126594792,1650483833.350442
0.041421043083107595,-0.013391340015531793,0.06419545715634761,0.054925463897003445,1650483833.3801436
0.062445224741312276,0.054033620661150285,0.04120408139934076,-0.01333876768116233,1650483833.4097707
0.061786757368836924,0.05399019371333324,0.04138807416715365,-0.013370010156394397,1650483833.4492548
0.04128889230897977,-0.013347081528469792,0.061654112838279304,0.05441039781652856,1650483833.4807022
0.04130548364741057,-0.013341986808261845,0.06179970419901499,0.05510092733130022,1650483833.5147927
0.06132845911298376,0.05514008284531292,0.04123135216837318,-0.013316524063521932,1650483833.5461416
0.041181422737130456,-0.013292914788576849,0.06082384969215862,0.05518026714667699,1650483833.5861607
0.04134664473401509,-0.01334614380088258,0.062142661180958784,0.05684451726915989,1650483833.6136951
0.060333893608075576,0.05555900328983131,0.041186008774046115,-0.013287166406915655,1650483833.6476185
0.060529089487545845,0.05617306302117474,0.04136357426483038,-0.01334901387909288,1650483833.6810703
0.04120331886099612,-0.013273381157997963,0.06138710500717822,0.05738435709892277,1650483833.7170708
0.061148539388359326,0.05752528065904726,0.041280506810087776,-0.01331080971918793,1650483833.7484102
0.04131317312004635,-0.01334666214289112,0.06014181961634613,0.05696905109258728,1650483833.7756116
0.060539817185776265,0.05764942271363335,0.04110908431071429,-0.01328432705159618,1650483833.8095655
0.06060313280905629,0.05806274785537297,0.041310556850655836,-0.013324387920134925,1650483833.8408523
0.05932368803882479,0.05707529823401969,0.041293885867711634,-0.013327135770005178,1650483833.8785114
0.06055275779179475,0.05854380446371567,0.04125682572467201,-0.013314771011123593,1650483833.9132707
0.05978135925649503,0.05817834004479075,0.04140435714391891,-0.013362539946642315,1650483833.9522307
0.04126637484353575,-0.013316751820452452,0.05999374491448628,0.05858705884998765,1650483833.9794006
0.041222402870916094,-0.013289151124658418,0.059255977266986594,0.05810697940653202,1650483834.0172145
0.059762943943445765,0.058845288740945634,0.041391677903461474,-0.013346171593326243,1650483834.0455742
0.058479924970147666,0.05783383157064642,0.041207902823542836,-0.01330148709583957,1650483834.0806947
0.058350073800407985,0.057900034006250815,0.04090458172015455,-0.013196037164654228,1650483834.1110969
0.05908325365061896,0.05877803320473703,0.040923340943307414,-0.01320104488336884,1650483834.147444
0.058228032036135136,0.058105526999785016,0.04137667918549989,-0.013351449418725535,1650483834.1809645
0.05857453575960618,0.058597120389999736,0.041241965447293895,-0.013305630997814457,1650483834.210008
0.059043827832401016,0.059232025234970544,0.04127298805140348,-0.013326307822140936,1650483834.245146
0.058057153132499366,0.058389906707831736,0.04140363940339239,-0.013364002957682572,1650483834.2799315
0.05824877621603821,0.058736799671721414,0.04125373913245973,-0.013313038637195775,1650483834.3097413
0.05766786044564681,0.05831457638774618,0.04133744974895325,-0.013326506733766627,1650483834.3424666
0.05750125913733646,0.05826907086843714,0.04128425442225382,-0.013326153225351084,1650483834.373267
0.05819209522918523,0.05907342407224746,0.04135411898916115,-0.013346414772848173,1650483834.4067419
0.041379910588613976,-0.013348196227059553,0.05730059122969096,0.05831652324607304,1650483834.4453511
0.057142875177817055,0.05823739115864322,0.04129164861362577,-0.013312669271929424,1650483834.4817874
0.04132862708904326,-0.01334552448527327,0.057137781509826575,0.05821423879062909,1650483834.5143623
0.05947445152203058,0.05892083517258592,0.04131281619388309,-0.013318382059765968,1650483834.5594292
0.04084153577582134,-0.013214452630610506,0.06038828851345695,0.05853362265133935,1650483834.5851517
0.060829389265165935,0.057119285994303416,0.041209987589628384,-0.013310006487436583,1650483834.6122396
0.06201975971879813,0.05594883163987112,0.040903195938695056,-0.013213761876999387,1650483834.6484065
0.041385204563582016,-0.013368836512193573,0.0632962892304611,0.05456995470996659,1650483834.6862462
0.04119975175386359,-0.013341246287454171,0.06477641616282089,0.05328897130666953,1650483834.714991
0.041344306731199196,-0.013388739433813614,0.06549985487852636,0.05160241278447897,1650483834.7691271
0.06664869641860309,0.05053180775992025,0.041334415013097835,-0.013372145171997434,1650483834.786947
0.04124461524926096,-0.013364579094234122,0.06705188901044688,0.04938369304069153,1650483834.8165839
0.06622265949854436,0.04981787168083069,0.04127941492134579,-0.013399828364816442,1650483834.8469038
0.06579014969520336,0.05006682085022919,0.04125464401002441,-0.013382980882511632,1650483834.8790345
