0.03956620898168563,-0.006692310131802493,0.052456730515879506,0.06870156543289539,1650654916.6067183
0.03994419992650913,-0.006749591462153329,0.05295531304271903,0.06942162522077712,1650654916.970034
0.039942850376502394,-0.006406529195048935,0.0519013065170973,0.06813097049210866,1650654916.9923544
0.0400186615626921,-0.006456435719692656,0.051254912121453375,0.06726929570695535,1650654917.1690774
0.03964195420575828,-0.006469175585866155,0.051875004975873315,0.06808962958559873,1650654917.21907
0.03953933409438822,-0.006533101566965587,0.05160039533282572,0.06771871587439932,1650654917.24875
0.05147283713808712,0.06745584030099229,0.039557074251456575,-0.006548608431753907,1650654917.2753036
0.03952412908383561,-0.006534371676789882,0.05149936631270639,0.06757583431030235,1650654917.312984
0.050983409604293525,0.06686112500681446,0.03898455266126477,-0.00647558291763458,1650654917.3414102
0.03935233675809511,-0.006551047762850955,0.051603236390364654,0.0676858846140715,1650654917.373348
0.03894005678513076,-0.006547449982665146,0.052242360977454584,0.06846843047086512,1650654917.4096935
0.03919665290843705,-0.006533145164607439,0.05221524663283578,0.06837888285334041,1650654917.4508483
0.03943646833447453,-0.006581706055552615,0.05182998408099276,0.06785879676166073,1650654917.4740324
0.051825248924574276,0.0678622837170813,0.03930005455783697,-0.006550941464976259,1650654917.5103097
0.039239798745393024,-0.006556351671848302,0.051029406777168544,0.06695328250748817,1650654917.5452473
0.05196364323010849,0.06804194130017256,0.03928084126070673,-0.00655694531218531,1650654917.5758567
0.03923495216860194,-0.006546970065792906,0.05148751120977491,0.06753373239368368,1650654917.6074002
0.05097700489014881,0.06684172753175874,0.03920668318591896,-0.006541046702905138,1650654917.637428
0.039396233174485165,-0.006569189465785382,0.05164857861774618,0.06770978793411878,1650654917.6687531
0.051867950087501086,0.06792655293513382,0.03949854309532885,-0.006592721579994617,1650654917.7045903
0.05238838742877518,0.06866039893968263,0.039390756854332194,-0.006580599484041021,1650654917.7491567
0.039329946103765265,-0.006581717260264311,0.05266684701406736,0.06907504999464004,1650654917.7753484
0.03925467960915842,-0.006566054361064696,0.05163044760566956,0.0675750857312428,1650654917.8100598
0.03938213479277124,-0.006592577769521036,0.05180845943884857,0.06780705863133513,1650654917.8394227
0.03936138839028419,-0.0065784758142468916,0.05167339893630323,0.06770672996116082,1650654917.8751144
0.05272730630053101,0.06916190070332523,0.03923808712259185,-0.006556775062058946,1650654917.910879
0.051542924659254974,0.06749438923995071,0.03899999404245495,-0.006510606369479727,1650654917.9404738
0.03931634988349,-0.006566024619867915,0.05265188375580823,0.06899482017057888,1650654917.9720852
0.0515098241323637,0.06741171510253365,0.03945403843698312,-0.00659136417326109,1650654918.0086074
0.03925099133988246,-0.006571546258656626,0.051754177638780124,0.06774435930812533,1650654918.0423872
0.03897574297716298,-0.006516208556873324,0.05161434347264205,0.06763696042023311,1650654918.0741148
0.052683467190968634,0.0690304681931469,0.03933492647188236,-0.00656922964398509,1650654918.1009893
0.039300795574892786,-0.006593773580051285,0.05177374241643473,0.0678441497997023,1650654918.1373432
0.03934674269266165,-0.006567163461586968,0.05122360776777581,0.06718716593371646,1650654918.1736307
0.03923708142840508,-0.006562418272747161,0.05130790948277624,0.06724049998136479,1650654918.2050514
0.03931543715318304,-0.006576661104623346,0.05278791107607592,0.06911363217606933,1650654918.2410526
0.03921344383518026,-0.006572217369583073,0.05252460920147387,0.06878566740148465,1650654918.275893
0.03937638185686431,-0.0065897053481143945,0.05177193275912022,0.06777447047421296,1650654918.3078473
0.03926865275831256,-0.006542231823202235,0.05266743672726597,0.06899648205491113,1650654918.3466594
0.05145046526069127,0.06734372155373881,0.03924477715784517,-0.006540768446997126,1650654918.3744304
0.051895700792295524,0.06790962191992642,0.03931816950306715,-0.006572626259906484,1650654918.4050877
0.039379014109921444,-0.006620093716155244,0.05262855740569668,0.0689295596963398,1650654918.4393775
0.052218963329478056,0.0684275871773527,0.03928439833579883,-0.006592648992494973,1650654918.475057
0.039395421654082566,-0.006575307145402112,0.051430118037794126,0.06745014240796893,1650654918.5108714
0.03893072343804842,-0.006533622557935587,0.05240645493835876,0.0686277220565712,1650654918.5423155
0.05132641908798449,0.06725154254256539,0.03922539788450972,-0.006587157258884004,1650654918.5739992
0.03890062098152309,-0.006529347133989203,0.05207061669424702,0.06818244211712063,1650654918.611628
0.05184302669887491,0.06788819188613597,0.039237690100532054,-0.006595867435419235,1650654918.6437922
0.03914887806762791,-0.006572117671579014,0.052602660357442266,0.06887047816854082,1650654918.6755438
0.051910725414453227,0.06798406886001755,0.03922351069470481,-0.006598479247773275,1650654918.706683
0.05267466550497064,0.06892322628574415,0.03912255649394849,-0.00656029370138137,1650654918.7405055
0.05179858987781068,0.06790521958310555,0.039147278957563925,-0.006570827758353614,1650654918.7752368
0.051739228233670456,0.06773031244186478,0.039184829957692326,-0.0065868576537578315,1650654918.8032057
0.05156313377035493,0.06756612955108074,0.03901111312625701,-0.006561615561986284,1650654918.8384964
0.05196051542559914,0.06800556633052232,0.0391642445500596,-0.006575538688050713,1650654918.8699152
0.051756378011997124,0.06787502853913809,0.03882066950352951,-0.006525605431482246,1650654918.9071624
0.051741624799519464,0.06779185360507956,0.03880772813022415,-0.006487898857881134,1650654918.9388762
0.05074637943407436,0.0671858723592357,0.039228649443354566,-0.006586373789413709,1650654918.9756503
0.049413078372450236,0.06732052208740764,0.03920008464591611,-0.0065844044836242495,1650654919.0085876
0.04808486763528198,0.0672443063758114,0.038745163633445004,-0.006521557792355813,1650654919.04568
0.04645911860290713,0.06719681621379604,0.039050150695502696,-0.0065339259193717535,1650654919.0754604
0.039226435921952664,-0.006569491372090599,0.02631529795346845,0.06203741414662168,1650654919.1083572
0.02708934837029164,0.06182742571942612,0.03921616417124454,-0.006562058821972272,1650654919.3005662
0.027854078216943138,0.062275361092164284,0.03920563117581279,-0.006537947297506196,1650654919.341716
0.028528104617092653,0.06243531769029654,0.03926975517465731,-0.006569260730195439,1650654919.3716054
0.03923484911616879,-0.006579854140202578,0.029105204896909948,0.06236434131199833,1650654919.4032583
0.02992405518318612,0.06287564341367201,0.039119144982824525,-0.006539848005897953,1650654919.4361265
0.030624681363181982,0.06323124497821087,0.03923367814796379,-0.0065649732183843896,1650654919.4715443
0.0311984240161764,0.06332858573692138,0.03916621245813782,-0.006531126935229839,1650654919.5039918
0.03188481451334183,0.06365910275957481,0.039292820508109075,-0.006579355630424851,1650654919.5391064
0.03241164805128085,0.0637039149758987,0.03907942545063304,-0.006506498786962883,1650654919.5721016
0.032921747770934866,0.0637456429253703,0.039265850395158994,-0.006560037719985111,1650654919.6090422
0.033467776343403706,0.063950168851611,0.0393248510900393,-0.00656855054490226,1650654919.6444027
0.033840901120595755,0.06385040925982649,0.039204723593318225,-0.006550283547906601,1650654919.673477
0.038898113120720994,-0.006511509163661289,0.03429222512941018,0.06386870328574239,1650654919.704502
0.03514759628295597,0.06463740960894708,0.03933903092932574,-0.006578643160470932,1650654919.7403777
0.03553755958921818,0.06473003327068276,0.03928647102225008,-0.006552941385886299,1650654919.7795856
0.039135634698232745,-0.006525057027779705,0.03611042034158609,0.0650096744429879,1650654919.8113484
0.03640143169707595,0.06499291865720153,0.03870835214001332,-0.0064765330107395555,1650654919.841698
0.03928956720031747,-0.006550684512172235,0.03653984566254282,0.06454792192165375,1650654919.8777149
0.03705305546180038,0.06492062639721824,0.03931685676668835,-0.0065682739903060615,1650654919.9024465
0.03770201618214188,0.0655092871055425,0.03895086925040797,-0.006485304719073137,1650654919.9432397
0.037951262086757816,0.06539271405217974,0.03934060183881981,-0.006560132315377027,1650654919.9748697
0.038118197911500395,0.06521613016630702,0.03913685993730798,-0.0065041480207675036,1650654920.0100725
0.03845813099156707,0.06535346690041027,0.03939811517246132,-0.0065816020925112805,1650654920.041373
0.0386306751611847,0.06518135275944877,0.03932293060705143,-0.006557891465650844,1650654920.0757458
0.039199452535317536,0.06575385908472296,0.03929344122894693,-0.006557580208450526,1650654920.103877
0.039268980110199685,-0.006532619709095824,0.03921546312081716,0.06534444150235925,1650654920.140072
0.03966932197741412,0.06572847507242609,0.03913861085883257,-0.0065196494699257534,1650654920.1748898
0.04010132911240813,0.06600469625821777,0.03940098755905145,-0.006552184077148162,1650654920.207364
0.04033147909681932,0.06600269038146608,0.03885869290912432,-0.006454746287575671,1650654920.2435987
0.04061362347230831,0.06620761003024966,0.03934453216334821,-0.006576538129968034,1650654920.2698557
0.03927030507754706,-0.006529603254264271,0.04062425681306956,0.06582686840043071,1650654920.308453
0.04127961779416323,0.06649295021061412,0.039215646982405455,-0.006547757213841983,1650654920.3391895
0.038915107411312835,-0.006489048620233836,0.04130149149575409,0.066158959044701,1650654920.3735454
0.03931694960135715,-0.006540747630086738,0.04110375483961157,0.06559092808136488,1650654920.4179437
0.041815841185933594,0.06641611528274864,0.03927831401237291,-0.006538459330195217,1650654920.441119
0.03936011674548849,-0.006567182660868339,0.04188013221394829,0.06625429123150371,1650654920.4721148
0.03926893972688753,-0.006539032268904918,0.04214328136622091,0.06640276580638606,1650654920.509037
0.042373884452341117,0.06649355896494769,0.039351291466215535,-0.006565550904369496,1650654920.546767
0.04274042406079031,0.0667675642717511,0.03886014748507296,-0.0064729093410326,1650654920.571452
0.0426514657348132,0.0664286320081992,0.03923279055701882,-0.006542996390886839,1650654920.6050622
0.0427990579063945,0.0664407072704217,0.03906779127216184,-0.006505423842987173,1650654920.6410632
0.04315352356888056,0.06675722190704642,0.03926799207776246,-0.0065268721906627455,1650654920.6802013
0.043660247739908724,0.06725330897504762,0.03895997501399812,-0.006484066195809692,1650654920.7084296
0.04313763953541084,0.06628061840520122,0.038690749669277755,-0.006472409659112336,1650654920.7390304
0.043296718104529716,0.06628230175046383,0.03897975593965901,-0.006500538521670194,1650654920.7744236
0.04390219543103403,0.06700003800301987,0.039255241029615785,-0.0065560794008275355,1650654920.8049467
0.04407150385136254,0.06707094109948984,0.03923862045571616,-0.006554173436324365,1650654920.8428578
0.044210462904851006,0.06709892812371575,0.039237553132270724,-0.006558583939705319,1650654920.8717775
0.04406852210029436,0.06667143143409046,0.039382445966157996,-0.006584059050657622,1650654920.9047282
0.04410260377075391,0.06660265420928853,0.03924147977083401,-0.006549040155266535,1650654920.9418187
0.044458472614303204,0.06699791089999761,0.03923309857131877,-0.006562845264052509,1650654920.9715343
0.04452959413711321,0.0668875007008252,0.03933078157086434,-0.006563469395687347,1650654921.0042455
0.04449525787346351,0.06671512849854459,0.03932584976984226,-0.006554051174874469,1650654921.0426614
0.04496176742173623,0.06727230464409695,0.03931528746336289,-0.0065565916406860394,1650654921.0768425
0.0448974917070903,0.0670391421625142,0.039108178137132896,-0.006528347751117197,1650654921.1096659
0.04484841017435156,0.06681064584559335,0.03930046764476238,-0.0065534114603542325,1650654921.1396465
0.04495765159351973,0.06685301063907956,0.039358572046879536,-0.006568255915773015,1650654921.178297
0.04501664066316188,0.06680996194776492,0.03929471633455549,-0.006539259480492247,1650654921.2170146
0.04500903976313879,0.06667247368325997,0.03924328039640287,-0.00655209624389267,1650654921.2429826
0.04474305704987197,0.0671892838491684,0.0386122876689359,-0.006435588734500822,1650654921.274988
0.03928669979175788,-0.006545908630672643,0.043425827721174384,0.06742887832955134,1650654921.3070567
0.04116978978321007,0.06645512140210151,0.039299727959071225,-0.006561268036117748,1650654921.3438976
0.025211132197359265,0.06094029735031522,0.03904506342294035,-0.006513592707677641,1650654921.3747447
0.02096020932686613,0.05896085304867099,0.03929165424654372,-0.006570798485136885,1650654921.5377111
0.021855283690684173,0.059243344598606765,0.03918509679742534,-0.006560484350646565,1650654921.6066163
0.03898815434022778,-0.006541088378244099,0.022704725308100932,0.059653775817555786,1650654921.6360636
0.02406948248533585,0.06016781151687581,0.038839266482499975,-0.006509401999303758,1650654921.675243
0.024826036550492748,0.06073341104665444,0.03923413044018094,-0.006534110022006442,1650654921.740801
0.025507055493527934,0.06100133755473085,0.03926307836770295,-0.006558614138878148,1650654921.7740242
0.02595359143937169,0.060766700093267456,0.039246366852386465,-0.00657788520535839,1650654921.8126342
0.026554128219674393,0.06094889911358228,0.039350205108375745,-0.006561941868785697,1650654921.8420951
0.027270742543170235,0.06144542278681843,0.039254116137990756,-0.006551839367202354,1650654921.8783882
0.027788097474934194,0.0615100617580528,0.03924967792088553,-0.006535956768709869,1650654921.9062898
0.028456873467396365,0.06194859929657027,0.03899533357765248,-0.006488220106785442,1650654921.9434347
0.02888646680184867,0.06190042916758997,0.039185109699208444,-0.006541389669055709,1650654921.9726834
0.029651512168614138,0.06258069964044183,0.039196548374512453,-0.006542701356991963,1650654922.00881
0.02992562734032736,0.06231315237950677,0.03928780793533611,-0.006538173350820576,1650654922.0384152
0.03053774323787097,0.0626967238385098,0.03855164011501863,-0.006424422709715059,1650654922.0731497
0.03930076020330773,-0.00652461451505984,0.030962959019404896,0.0627800604619996,1650654922.1160338
0.03134644702253207,0.06285774911662992,0.03917240899121533,-0.006526067923090134,1650654922.1445434
0.032258118248747865,0.06391915903952104,0.03932005536880135,-0.006544366396511565,1650654922.1732152
0.03223673439599683,0.06314530828096344,0.03884418723617219,-0.006470917703537377,1650654922.2056317
0.03256599318405623,0.06307561027978306,0.03927621583347263,-0.006534223157378416,1650654922.2427015
0.033037731160697914,0.06331809769518837,0.03940012154240965,-0.006561015890295136,1650654922.2777848
0.03360591751736869,0.06375238255613418,0.03931278238406093,-0.00653811698335972,1650654922.3153672
0.033996753958022534,0.06388039044919419,0.03928563324426979,-0.006528760158940309,1650654922.341518
0.03432717835287295,0.06396650751657236,0.03926593523461123,-0.006536559846971719,1650654922.3726327
0.03465248864615119,0.0639446175499265,0.03930005266644237,-0.006530440966434084,1650654922.4077678
0.03502906243419189,0.06415362742927413,0.039282973119224324,-0.006533149525508261,1650654922.4424803
0.035396752478119436,0.06430985049297153,0.03924613622103676,-0.006536061479949639,1650654922.4710941
0.035723761302704986,0.06438673328426787,0.03923886636829156,-0.0065256876889605514,1650654922.5111892
0.03891447818894052,-0.006460577556490154,0.035997218835736214,0.06442859138091693,1650654922.539967
0.03646283986087033,0.06485106905915236,0.039245813911106,-0.0065361208526244965,1650654922.5766842
0.036699646574419806,0.06494746646867817,0.039312781987355196,-0.006552620735058664,1650654922.6101975
0.03679145431639133,0.06467994308825364,0.03922485585991068,-0.006501320258277725,1650654922.6458952
0.03703964791681903,0.06477271783998705,0.03876471999164737,-0.00642135546597083,1650654922.6758127
0.037457500333323575,0.065129291416115,0.03894631627013903,-0.006467659851720894,1650654922.709424
0.03748113666284337,0.0648374998753536,0.03928854723047223,-0.006537830425830572,1650654922.742277
0.037854691620126356,0.06512338039391262,0.03908391548141841,-0.006492052146167844,1650654922.7814405
0.03788708608803741,0.06496465958421004,0.03917672551908356,-0.00648887033760841,1650654922.8108957
0.03812229451664281,0.06505862748427613,0.039255617781584755,-0.006542043022879911,1650654922.8453035
0.03822387911237796,0.06489019993353382,0.03886087598742301,-0.006443909789531679,1650654922.8828979
0.03841824462468295,0.06501728783727095,0.03928226065286609,-0.0065216137433433425,1650654922.906993
0.038583457837088275,0.06506770130390964,0.03926642365594116,-0.006527658001058317,1650654922.940852
0.039084341760244216,0.06559333698363234,0.039167847738696894,-0.006526368439605019,1650654922.9764667
0.0393183612588034,0.06575924986285245,0.039264574990426244,-0.00655402518300003,1650654923.004506
0.039138881208163334,0.06526184703812261,0.03926508993348087,-0.006521813382433342,1650654923.043819
0.0392630418608711,-0.006530606133695537,0.039296992303015255,0.06534657517731267,1650654923.0730884
0.03950468315179053,0.06548424596341683,0.03921615561521587,-0.006531407813049479,1650654923.1099317
0.03974633847791916,0.06562848592390648,0.038884079959876486,-0.006463466551808228,1650654923.148631
0.03979337437110642,0.06546605445579932,0.0391732411012881,-0.006520487649042698,1650654923.173585
0.04008729392807907,0.06579364503739946,0.039317382187711934,-0.0065630547344328015,1650654923.2103534
0.040142254815922845,0.0656863515279109,0.03937861421125209,-0.006575703754069854,1650654923.2441502
0.04011912817706716,0.0654825882828753,0.0392277265189599,-0.006532777563396351,1650654923.2749846
0.04031326587584404,0.06561445693371143,0.039324473179054804,-0.006551098958885116,1650654923.3060465
0.04048036395445054,0.06575975192156525,0.03928813336165786,-0.006529488492871129,1650654923.3433313
0.04048660148403009,0.06552308587671335,0.039235641228307375,-0.006564089887212051,1650654923.3721995
0.04062060979758341,0.0656476651284989,0.0390572463357072,-0.006496520991501647,1650654923.406471
0.04083886230792328,0.06578521939323971,0.039182886509974035,-0.00652873237474089,1650654923.4462636
0.04095905476950861,0.06579666188603289,0.03929635337590864,-0.006549928144834973,1650654923.4799597
0.041084589284417466,0.06585591172698507,0.038845160815164446,-0.00645114112694701,1650654923.510066
0.03884805347473162,-0.006473974320043091,0.04103116726524971,0.06564144749404972,1650654923.5464141
0.04030905933691711,0.0654277155224468,0.03928860137927895,-0.00655240973602169,1650654923.5811906
0.03906948074858008,0.06566962752847388,0.03933701149628633,-0.006549535233218924,1650654923.6092362
0.03725359667687624,0.06495381185094665,0.039271465376547875,-0.006554529089580032,1650654923.643773
0.035161960221699665,0.06429894720760232,0.039213486901955585,-0.006508003902915712,1650654923.6829526
0.039276840261325795,-0.00654954052819067,0.032734615787455915,0.06359025132704696,1650654923.7178202
0.02995762427081889,0.062421468094183606,0.03937226543932813,-0.006540200820043726,1650654923.7444324
0.024866935991094997,0.06007292514105023,0.03926349829815049,-0.006553506491701286,1650654923.7824283
0.03921316902990375,-0.006543235210330708,0.02273612685627644,0.05914418968348726,1650654923.8366659
0.021960135757995672,0.05878755599842926,0.03919817009220623,-0.006549959843086663,1650654923.8774927
0.022980643157619936,0.05945845786768702,0.039105041118976114,-0.006535694324539078,1650654923.9174066
0.02368570639777383,0.0597824124932951,0.03922834227214865,-0.006556114780567765,1650654923.940384
0.024202738213709694,0.05979637531987189,0.03922683112407344,-0.006558462592615536,1650654923.9745245
0.02477045074725278,0.059898605887518205,0.03919914823145438,-0.006536642736740388,1650654924.007393
0.02533353563444351,0.06009957523669341,0.03928047886784614,-0.006590887170954167,1650654924.044474
0.025919134644263354,0.060451494353105546,0.03928820166944834,-0.0065560131939815264,1650654924.0792253
0.026489458123552048,0.060743758543501856,0.03932082555799124,-0.00659281259503853,1650654924.1146495
0.027073914791948116,0.06113192878686193,0.039177723603233336,-0.006539681424646686,1650654924.142244
0.02740168084145518,0.060981223869966475,0.03926177129838012,-0.006565668225569116,1650654924.1777225
0.027779932636522457,0.06093464168455626,0.03891737604528516,-0.006493300062548207,1650654924.2132108
0.028344306685920497,0.06142542714256177,0.03930356858072816,-0.006544768900570569,1650654924.245809
0.03926637381054748,-0.006535160121533171,0.02894117998523391,0.061922870031758705,1650654924.2755544
0.029254631748280982,0.06187163108015177,0.03889256482545104,-0.006484159123040239,1650654924.3066604
0.029395138603819503,0.06156739186821487,0.03914603417570402,-0.006518899606312513,1650654924.3403335
0.039233538747719975,-0.006561268013037861,0.02997283144708821,0.06211178473613148,1650654924.3723369
0.030405290100056742,0.062348125620749345,0.03925384903596994,-0.006532725403266948,1650654924.407873
0.0306522210974005,0.06227460096003064,0.03921760337549624,-0.00651707426193734,1650654924.4443066
0.030853079168705805,0.062240879595611275,0.039238211721647084,-0.006531324927297773,1650654924.4776592
0.03117986609723052,0.06235662431691188,0.03918942975734461,-0.006545347215768157,1650654924.5159454
0.03144335587121437,0.062338990942875476,0.03917624252232762,-0.006501190283838709,1650654924.5476472
0.03182003500887727,0.0626156764532946,0.039311311883865836,-0.006571269276888739,1650654924.576113
0.032024482431598056,0.06258246042139579,0.039277783001005005,-0.006549965834535392,1650654924.6095016
0.032335542422911624,0.06274322299469966,0.0392329543767527,-0.006528277938222825,1650654924.64249
0.032590885685018514,0.06281499825958728,0.03926719700142058,-0.006552278660477443,1650654924.6761122
0.0392784467116012,-0.006511960026415503,0.03293372187794621,0.06303139928783966,1650654924.7081785
0.03327260319192885,0.06331056926986182,0.039187779513861994,-0.006511003281088548,1650654924.7438998
0.03335549687201642,0.06304621070274018,0.039155136183351494,-0.006513926451870741,1650654924.7781088
0.039157922080106156,-0.006527050361606341,0.03374886651061037,0.06346377479409822,1650654924.8095505
0.033858908844577505,0.06337685173673141,0.039359081425838306,-0.006564326955718703,1650654924.8463285
0.03433677926041602,0.06394343079355863,0.039254964386230065,-0.006547536078152096,1650654924.8802807
0.034510054333097916,0.063899054161453,0.039200377140379425,-0.006500263718430638,1650654924.9146063
0.03458529402293542,0.06371158152675375,0.0389652616648459,-0.006480673780530443,1650654924.943485
0.034844892793869035,0.06392709960059413,0.03922428352055018,-0.006515844223579826,1650654924.9780667
0.03490544606868525,0.06375055641871422,0.0388044548523878,-0.006471872915742274,1650654925.0099707
0.035139904787253505,0.06387497030398004,0.0388634445529101,-0.0064399249084791214,1650654925.0439255
0.035324306886406864,0.06391119057332677,0.03930128460258613,-0.006530449616689721,1650654925.0761871
0.03568622104152581,0.06430747659826776,0.039326390531052496,-0.006526382928064133,1650654925.1141472
0.039268781776005374,-0.006524733765443589,0.03561714020164424,0.06394887023091586,1650654925.155831
0.039312755216340284,-0.0065480960313154465,0.035867569062090016,0.06412118819350875,1650654925.1812315
0.036043095240283395,0.06418883384636627,0.039315380472644455,-0.0065418315153587805,1650654925.2117648
0.03619486192846956,0.06420140941586117,0.03891868628953039,-0.006466493090212904,1650654925.2405374
0.03648593397922678,0.06450843174375367,0.03932490879022255,-0.006538020509906317,1650654925.2747335
0.036692031558252514,0.06465609307500418,0.03923221587819782,-0.0065215432773493235,1650654925.3147883
0.03662528477087257,0.06438502552452859,0.03930402458667779,-0.0065167998426223644,1650654925.3506355
0.03693276368230196,0.06461823799692283,0.03925710688774727,-0.0065329464920693,1650654925.3933074
0.037377088672414335,0.06513364955291058,0.03926202557180529,-0.0065243996097242105,1650654925.4198906
0.037394462886479955,0.0650150143691093,0.03922584771177179,-0.006522141014835325,1650654925.4473147
0.03728497207973878,0.06462345091524013,0.03931645911000121,-0.006545118568063125,1650654925.4751334
0.03742202596204058,0.0646954925673585,0.03903559367693514,-0.006473993421972524,1650654925.5107293
0.037644175400313055,0.0648531127950237,0.03889788419487421,-0.006480003688964521,1650654925.5516045
0.03789267663834752,0.06506642590352844,0.03901852745367064,-0.006498092226219576,1650654925.5778747
0.037907415946009146,0.06492631934084428,0.03924411765968688,-0.0065351825268535075,1650654925.6045296
0.03804512113684429,0.06496599168276786,0.038936619772369535,-0.0064603149493371766,1650654925.6455808
0.038973131850571024,-0.0064689524940784345,0.03802694624571672,0.06476724606057668,1650654925.6753888
0.03823627704948774,0.06489921632437969,0.0393435291631466,-0.0065345007824845255,1650654925.7076519
0.03813762543224309,0.06460867443940141,0.039160059025690544,-0.00651789286359007,1650654925.7516592
0.0384495481863058,0.06501828927492123,0.03885138087531274,-0.00644686919304322,1650654925.7777963
0.03894332598644036,-0.00648271185843095,0.038545543925408876,0.06498369143898518,1650654925.8118575
0.03884825641833123,0.06532378336242466,0.03928729370584807,-0.00654913686033265,1650654925.848166
0.038114798032343425,0.06500695619496007,0.039205166802902695,-0.0065188616531966104,1650654925.8882
0.036562331080547544,0.06471161890685972,0.03927797622889703,-0.0065410705808341225,1650654925.9140878
0.034847529285651144,0.06409160113055878,0.03891202390344809,-0.00643410500307204,1650654925.9426389
0.03274255759794937,0.06303075875401162,0.03913204701295548,-0.0065105240842465925,1650654925.9784286
0.028171848684490977,0.06180840431181976,0.0391550759104362,-0.006511361820435675,1650654926.0184433
0.025632273402774453,0.060320462790431795,0.03918534539300866,-0.006519181879770611,1650654926.0830934
0.03928957772552712,-0.006553692519745492,0.02351271890937978,0.05935778664485016,1650654926.111145
0.021560006015358395,0.05817611916287907,0.03932107582868872,-0.006541672883583836,1650654926.1472402
0.038987796860096784,-0.006506293068037239,0.020892157771525918,0.05788232455524793,1650654926.177803
0.021679892487981123,0.05803031455643501,0.039156773217841404,-0.006539222516265189,1650654926.2089992
0.022372101436048265,0.05842923696822327,0.03924499269160256,-0.006551982944158064,1650654926.2492273
0.023018659188176464,0.05868440786155648,0.0390938086499635,-0.006529059463104938,1650654926.2832582
0.023608537428080615,0.0589170301079583,0.03923628253880601,-0.006555346234977408,1650654926.3194642
0.02409611159688759,0.059062067609407,0.03909483782214087,-0.0065078638901322474,1650654926.3479927
0.024734142543506248,0.05955992821260065,0.03929519059427853,-0.0065829232097676426,1650654926.3806603
0.025171744250406712,0.05959229392704422,0.03929812457504738,-0.006548823946518235,1650654926.416842
0.025806971206404974,0.06021628285913752,0.039190806626129976,-0.006548398120112168,1650654926.4520252
0.026087374351506418,0.0599118376273663,0.03920870635635983,-0.006539381646227242,1650654926.4835715
0.02666945167324236,0.060501084495079155,0.03926293844025162,-0.006541181258371975,1650654926.5236073
0.03915891832550496,-0.006533502907558375,0.02707656288287272,0.06064594226468812,1650654926.5467494
0.02732278382434022,0.06049610294771905,0.03887629166170593,-0.006481250672324344,1650654926.573986
0.027491973741031475,0.06023225034766423,0.03919636721466194,-0.006561142350633301,1650654926.6120236
0.028186195606296947,0.0611272238530599,0.039339468356082985,-0.006563466425274368,1650654926.6446433
0.028363695144497436,0.060878298155657255,0.03894857601113955,-0.006501787948726559,1650654926.6818151
0.0285968257801222,0.06084690962294728,0.03931992320646413,-0.006561854105530976,1650654926.7107487
0.028971914009654473,0.06109065379315521,0.0391996963711491,-0.006532361590978354,1650654926.743909
0.02944403038700826,0.06160724144037866,0.03928673952264601,-0.006558087607412668,1650654926.7756484
0.02974470392859595,0.06170206909661449,0.03925660945553714,-0.006533099595356101,1650654926.8133328
0.029942797613986456,0.06165952550855716,0.039296309629156506,-0.006551266918027777,1650654926.8441753
0.030271784105981792,0.06184472287760285,0.03910742342022101,-0.006513998795566878,1650654926.8782716
0.038800233944432806,-0.006454327205495343,0.030429391845027482,0.061733218268914314,1650654926.9073474
0.030654673208698868,0.061818085567694706,0.039190637669703425,-0.0065063588295403785,1650654926.9467354
0.03100013234217734,0.062075637636580284,0.03920825495911777,-0.006539671983958442,1650654926.9819307
0.031304456720883105,0.06224328219231703,0.03869429961380924,-0.006431963472638368,1650654927.0143101
0.031379510948001295,0.062052187233151083,0.03932395814238311,-0.006546649267569621,1650654927.0478792
0.032018677377053974,0.06287420100366171,0.0392323607067247,-0.006534251615320118,1650654927.0795135
0.03205559215686867,0.06258979250187804,0.03928517730658487,-0.006526470183833985,1650654927.1108563
0.032108964855585634,0.06240798149257307,0.03921993824364588,-0.00652168143512574,1650654927.1452317
0.03238974686201089,0.06256019687177061,0.03927375831836772,-0.006511522319250443,1650654927.1784966
0.032641293147119915,0.06272841058882633,0.039329697101624414,-0.0065420667891171146,1650654927.2124531
0.032979294625423955,0.06309909445044526,0.03934838937411758,-0.0065450505129355345,1650654927.2458165
0.03929706207400809,-0.00655036092518961,0.0333925288946645,0.06356008305875492,1650654927.275374
0.033251406041083634,0.06299673714630669,0.039406372869157005,-0.006558028832665276,1650654927.3101296
0.039273721979814435,-0.0065448327850319435,0.03350932507091642,0.0631621977497194,1650654927.3490202
0.0393748056794593,-0.006545402387183175,0.033795377906683376,0.06342287495047391,1650654927.3814256
0.03923134210423115,-0.006527993786551421,0.03385528914747133,0.06327260831240535,1650654927.4125817
0.03400815713291627,0.06327052286587667,0.039178155784865346,-0.006519552982707823,1650654927.450349
0.034284737227312186,0.0635211773723744,0.03910912998975436,-0.006475700236646039,1650654927.4824674
0.03432307925724244,0.0633170288580393,0.039248000547426345,-0.00654717686970575,1650654927.517298
0.034640002703127025,0.06356979251554347,0.03889924829877441,-0.0064398203249089086,1650654927.5461018
0.034727987283671026,0.06353434015022451,0.038939857989540846,-0.006502294293479456,1650654927.5800858
0.03528896280020153,0.06426758365943205,0.039225972168548555,-0.006519916922832772,1650654927.6128755
0.035270558720648375,0.06401590054759794,0.039259800232720965,-0.006528954304967728,1650654927.6480386
0.03553251554702175,0.06426333458256302,0.039152782235153116,-0.006480845501486137,1650654927.679094
0.03551653561153034,0.06396945408507877,0.03924123126003642,-0.006544111493264305,1650654927.7096
0.03551626967132169,0.06376293086453927,0.03931379686358108,-0.0065287053196467475,1650654927.7445297
0.03562086630062933,0.06374883599801853,0.038802873354963074,-0.006464433955370112,1650654927.7798107
0.035921083737927274,0.06407643517379945,0.039048260718478306,-0.006488245602157426,1650654927.8102117
0.03581955974817049,0.06369086207843636,0.03929778958424662,-0.006524795918627688,1650654927.846517
0.03624496243978134,0.06422474839873266,0.039163762755788645,-0.006512821586044369,1650654927.8801718
0.03640954137511541,0.0643302089078047,0.03920782351776847,-0.00650507142991604,1650654927.9141724
0.036550636192452454,0.06438629399028835,0.03923132970080855,-0.006537300329754089,1650654927.9494717
0.036682372238766754,0.06446482539609223,0.039228530882297906,-0.006518728511090041,1650654927.981258
0.036499219748353975,0.06397650185064521,0.039161388455172384,-0.006506657774859723,1650654928.0169933
0.0365382642954912,0.06383844589827749,0.03907609805211928,-0.006500248535380885,1650654928.0514026
0.03707003628158584,0.06457872211248379,0.03926275185939684,-0.00652384656890618,1650654928.088201
0.0372167410982814,0.06470244838002609,0.039337613674374085,-0.006513262895714859,1650654928.1115236
0.037508430057538934,0.06502973778380758,0.039122724354282795,-0.006499538399665451,1650654928.1500432
0.03654065748478166,0.06432717146458099,0.038941207718295255,-0.0064842874620608375,1650654928.1811233
0.03496600862586155,0.06382905131104884,0.03925107063821822,-0.006526407441021125,1650654928.2140234
0.03331314277042011,0.06332936467500164,0.03926418519476442,-0.006506088613814208,1650654928.247097
0.03114992247744588,0.062295444554639645,0.03887257609043718,-0.0064604789470395114,1650654928.2799942
0.02900177362988964,0.06187363776283984,0.03916999360396446,-0.006513115873208198,1650654928.3078525
0.039229270465564695,-0.00651729849376039,0.02635420705952439,0.06024950831828281,1650654928.356205
0.024105492028868275,0.05923929140687387,0.039141096239948686,-0.006518601077923202,1650654928.389694
0.039221038269702774,-0.006536558493191713,0.022125065158272235,0.05820687396001411,1650654928.4209044
0.020452606171595895,0.05750186245325055,0.03910574410184412,-0.00652400624467219,1650654928.4458537
0.01958118094863567,0.05659250395582414,0.03928220753608052,-0.006566186708259313,1650654928.484001
0.0203935929292806,0.05695360302385881,0.039229902315463236,-0.006573384771627337,1650654928.5125213
0.021089539288005256,0.05737149765166716,0.03868002687402162,-0.006455801930739567,1650654928.5475461
0.021697577868565545,0.05770607846089533,0.03912560781171631,-0.00652877509572748,1650654928.6010907
0.0223563027101901,0.05816812915544359,0.039307102715967435,-0.006572997082844456,1650654928.627448
0.03920158886122738,-0.006556765819874698,0.02268104984633,0.05795192574763465,1650654928.6510355
0.02325132968994788,0.058336808848967615,0.03931086438621439,-0.00654828207386445,1650654928.680927
0.023710771683383623,0.058513822453504914,0.039248401538601145,-0.006529114726581971,1650654928.713728
0.02421259204907713,0.0588387484661669,0.03920113023272938,-0.00652614704766987,1650654928.7474256
0.024554650694846386,0.05876402758336881,0.03933539517385015,-0.006552319925439914,1650654928.7781582
0.02506906616571015,0.059146481588138324,0.039088457442860276,-0.0065424127720690815,1650654928.8156965
0.02544525590576613,0.05931850849832869,0.03903328272044531,-0.00650821939650063,1650654928.84832
0.025886908865649736,0.05954664950241264,0.03914940319907433,-0.006528313622133704,1650654928.8824234
0.026312388632811223,0.05982906850276127,0.039276475061276454,-0.006541649628433625,1650654928.9114637
0.026633539671456135,0.059970838806741956,0.03928717706208661,-0.0065644329423436044,1650654928.947961
0.038908733262957136,-0.006474567455964377,0.027001986003405986,0.060071727414393164,1650654928.981609
0.027359740706953104,0.060398111980562316,0.03925148760206126,-0.006535915917800056,1650654929.0146005
0.027646172106279274,0.06046787558810518,0.0389061536642655,-0.006491879706517548,1650654929.0535843
0.028066822098486682,0.060836715614269475,0.039206728388995304,-0.0065347702674006065,1650654929.080234
0.028228875200313888,0.060612894293047545,0.038848224377279895,-0.006498468188955127,1650654929.121577
0.028467212176700972,0.06067583531753997,0.03922673323022922,-0.0065351389225168435,1650654929.1515405
0.02880950976635182,0.06098725099136345,0.03883498326967655,-0.006481221083129978,1650654929.1814158
0.03931878652840908,-0.006526353192821683,0.02901627211765707,0.060980331814646516,1650654929.2104986
0.02940279748544201,0.06131556572899701,0.03911622620722636,-0.006528755528297196,1650654929.247887
0.029630651478116925,0.061332732011411435,0.03919971503858706,-0.006522585439508586,1650654929.2797544
0.0298145717610469,0.06139648516259876,0.03923670881307831,-0.00653657135909132,1650654929.31406
0.0299875553661143,0.061336806355280514,0.039199519338835,-0.006509570368626962,1650654929.3478837
0.03919747846002286,-0.006517013446449088,0.030341325865884734,0.06169083203851497,1650654929.383205
0.03921013064746954,-0.006525382271376961,0.03066777018789476,0.06199459391624489,1650654929.4110281
0.030908341064575105,0.06211482624167466,0.039249904147254155,-0.006520180263063688,1650654929.4485781
0.03096053195709072,0.0618649008173483,0.03916431631226049,-0.006513012589719863,1650654929.4805374
0.03928345080768154,-0.006531523665761341,0.0310601325170173,0.06174712587842538,1650654929.5148733
0.03117427158642448,0.06162602941542667,0.038832119170953014,-0.006458254678834715,1650654929.550407
0.0315113337847885,0.06199069115996703,0.03922250305502123,-0.0065196992455672925,1650654929.57966
0.032020879287418945,0.06263778367004781,0.03894804433590749,-0.006482790064242093,1650654929.6144578
0.03203593530031839,0.06235587666695385,0.0392055815056071,-0.006512948784853343,1650654929.6476107
0.03227550244299562,0.06258133126895643,0.03930994781858439,-0.006530374296369244,1650654929.6775038
0.032293219990034934,0.062302645427313924,0.03930300405331772,-0.006528703341374456,1650654929.7151563
0.03260719869974977,0.06264120371339864,0.03896526678195053,-0.006462382559931031,1650654929.7456884
0.03293483293113701,0.0629530847472704,0.03936574328232435,-0.006540111541262714,1650654929.7783232
0.03298219486660348,0.06283322113578463,0.03904242983107091,-0.006491811807925127,1650654929.8185263
0.033317117347310146,0.06314248676179224,0.03901104977670883,-0.006467839875788982,1650654929.8476465
0.03325063458604763,0.06276400934666188,0.03926461463660646,-0.0065469430687947125,1650654929.887754
0.03924884816908847,-0.006528235907753903,0.03351879414348611,0.06306654209069873,1650654929.9176972
0.033594420478801824,0.06298145025254506,0.03923296690939648,-0.006511215454684654,1650654929.9475873
0.039317388226361924,-0.006541643807658622,0.03377744092639807,0.06300352161274705,1650654929.9819012
0.03372824933883973,0.06271784397933096,0.03931587207542671,-0.006528632802078494,1650654930.0161502
0.03919157996172238,-0.006502804269902449,0.0338619062086929,0.06277921867807779,1650654930.045923
0.03445818003576613,0.06362472280662172,0.03917476703343108,-0.0065188275513115195,1650654930.0788934
0.034119957989400526,0.06277667137471792,0.03917653809608551,-0.006526864194733874,1650654930.1149275
0.034623942828867695,0.0634554738282314,0.03889073966039914,-0.006456937642249035,1650654930.1475494
0.03920850230578057,-0.0065167456251009215,0.03471031501462894,0.06349889834674656,1650654930.1861355
0.035045927152673316,0.06388551888627512,0.03928591067309921,-0.006536025197057026,1650654930.2162187
0.035090610714142725,0.06374733979629492,0.03884340112713118,-0.006453933238769293,1650654930.24722
0.03523192398088744,0.06374791847941605,0.039287573694078884,-0.006550503497813969,1650654930.2836502
0.03546604472575031,0.06405039854394651,0.03914854767140742,-0.00649684250063446,1650654930.3128185
0.0353091222087073,0.06362896372010325,0.03926206058502938,-0.006514462511744712,1650654930.3576932
0.035519631516823046,0.06375224309758032,0.03919945474012612,-0.006531477808276431,1650654930.3845177
0.035878994790039365,0.06422979151879361,0.03931085819091118,-0.006515355710140088,1650654930.411967
0.03587367313242472,0.06407623777513216,0.03906278887203799,-0.006493885819219313,1650654930.45411
0.03528862211074284,0.06408482193535217,0.039023713532853305,-0.006457737319779788,1650654930.4809053
0.03924294763590582,-0.006524277879098282,0.03358162419151919,0.06333927040383544,1650654930.5158849
0.03177646092671367,0.062574508416449,0.0388880481273243,-0.006448548568219956,1650654930.5482564
0.029523824210867914,0.0616177467392768,0.039079280133974326,-0.006488216993883331,1650654930.5786626
0.026593049318366892,0.06001070141953924,0.03924765343707219,-0.006515481286111634,1650654930.6146648
0.02167118085365146,0.05792630056304193,0.03932489590423407,-0.00656921343389066,1650654930.6503186
0.019462457815510405,0.056541330095159235,0.03925074559672579,-0.0065487642973631795,1650654930.714203
0.017638607533520572,0.05508889123076808,0.039239294933487816,-0.006546598797646384,1650654930.7468266
0.017041542066066628,0.05478678180442956,0.03921598335780699,-0.006557036685083873,1650654930.7834647
0.01761860619796537,0.05473346778495081,0.039244151279674996,-0.006582067667168864,1650654930.8170104
0.01843695650484373,0.055711221015087346,0.039143676943719515,-0.006541516114138583,1650654930.8501353
0.018603955332719302,0.055223348341724196,0.03924359391294135,-0.006556223896754847,1650654930.8809133
0.01903294577833301,0.05528121324549064,0.0391215950043493,-0.006543166028187843,1650654930.9203749
0.01951451099530904,0.05570021945009278,0.03929102302314462,-0.006569279403737997,1650654930.9535642
0.03926356542555025,-0.006562676756840918,0.01993953995339189,0.05578879979273712,1650654930.979142
0.020475803878606993,0.05626070467878575,0.03924529958918311,-0.006540182150245125,1650654931.010747
0.02063217148125799,0.05586561696348878,0.03905092684043678,-0.006513409091581292,1650654931.0515487
0.039275052162450017,-0.006565957496699771,0.02155133167428144,0.057528432728807664,1650654931.0800166
0.021715026863055216,0.05710548773234026,0.03928820152376586,-0.006547919593748908,1650654931.1184042
0.022268161298283004,0.05772007124262006,0.03907159961230697,-0.006530868422672335,1650654931.1481478
0.022567068085613626,0.05775510783618001,0.039096982558550195,-0.006529619920322223,1650654931.1802998
0.022881562925415055,0.057874860090992006,0.03862398399765328,-0.006414441181265642,1650654931.2153418
0.02320044145190794,0.0580060754214961,0.03913814635720385,-0.006528606642592787,1650654931.2444096
0.023477968097435315,0.05799575802597849,0.039120060092038424,-0.006524867805777132,1650654931.2816262
0.023831075256057863,0.05820403387931154,0.03920560029730032,-0.006537252960619945,1650654931.314455
0.024266294289333162,0.05873284339740049,0.03923880551944462,-0.006541640850362135,1650654931.3522215
0.03896633518121157,-0.006516869807309673,0.024567416683932308,0.05878610450400314,1650654931.3833795
0.02485236593427699,0.058844670066211295,0.03924248737973815,-0.006538444699724442,1650654931.4175541
0.025281665557968177,0.0592819263076625,0.039171608358115444,-0.006516464526198216,1650654931.452148
0.025481294906505955,0.05925638838451796,0.039091388102076775,-0.006519845210962321,1650654931.4844701
0.0260480394809893,0.06004018143002215,0.03864817228164953,-0.0064381903967048616,1650654931.5187287
0.02604185423032775,0.05961614202254478,0.039252290079226974,-0.00653774522959784,1650654931.550616
0.02629941967933991,0.05960986944734803,0.039150151602471525,-0.006526317461186223,1650654931.585663
0.0266466984658518,0.059965177812170596,0.039061266885535476,-0.006500712365904089,1650654931.6163838
0.0267064490947239,0.05968911515237128,0.03902563616302884,-0.006488645048030686,1650654931.6485922
0.026917634487619066,0.05972089890153462,0.03896566741184235,-0.006489993427486873,1650654931.6848798
0.02721835682828104,0.05994504618829092,0.039189935474676904,-0.006533445408382909,1650654931.7243009
0.027538750430820602,0.060127129344774835,0.039210839955878346,-0.0065187898926143935,1650654931.7515647
0.02764586763856957,0.0600465388295546,0.039303988585738095,-0.006574412055196535,1650654931.7835433
0.02798307351977013,0.0603285003632512,0.03927925743480052,-0.006541731479508437,1650654931.8111992
0.028256030808503616,0.060590543454562995,0.03921558709458406,-0.006553097466046693,1650654931.8571703
0.028378830679721155,0.060488062446779,0.03923619714641208,-0.006549851868502454,1650654931.8900678
0.028575854853433374,0.060517653250954595,0.039142717697934176,-0.006522320673207753,1650654931.922178
0.028883570558790213,0.060844219248987114,0.038822701864039154,-0.006456858058693647,1650654931.9564807
0.02919823797778992,0.0610494333746406,0.039140780861287215,-0.006493221688225829,1650654931.9887493
0.029153264414134017,0.06070013312943037,0.03914614973936355,-0.006494106415939136,1650654932.0217803
0.03924556862825129,-0.00652330610073308,0.02939297736628229,0.060914055089620736,1650654932.056997
0.029578828319669022,0.06095907173690909,0.03922637549360741,-0.006526622403215289,1650654932.0839772
0.029914364900794178,0.06133374030174214,0.039249951974769784,-0.006514927883680931,1650654932.122245
0.030108982564831997,0.06139416477701784,0.039182979661013986,-0.006514787489428822,1650654932.1537373
0.039063849765403134,-0.006471190630582537,0.030363425275053646,0.06163008915626778,1650654932.1900208
0.030485504702280942,0.06160603112415622,0.03916489690768124,-0.00653903510326,1650654932.2237666
0.030890675663216998,0.06209537098487288,0.039274243327264334,-0.006540898987480889,1650654932.257463
0.030739731207302407,0.061530725254725416,0.03927429152802947,-0.006545192122346627,1650654932.286404
0.03098616094182636,0.061787639480742285,0.03926119027735831,-0.006536537267969494,1650654932.321005
0.03105336542602005,0.06165208532187033,0.039001442876406694,-0.006464642208016057,1650654932.3601503
0.03090749299385164,0.06105894920288511,0.039155488501714464,-0.006492309364609538,1650654932.3905907
0.03160529443735573,0.062131722317218564,0.03919729135888721,-0.006509378468132016,1650654932.4207444
0.03170614647954702,0.06210573273765734,0.03920910445488398,-0.006496434355938703,1650654932.4502869
0.031858121352503835,0.062162382210254274,0.039177566653428565,-0.006528275221810276,1650654932.484106
0.03197215829193619,0.0621018579672282,0.039294284016022085,-0.006513893937522628,1650654932.52422
0.03229583840231947,0.062483463324349627,0.038907756147594716,-0.006459510900229731,1650654932.5561912
0.0323231771013106,0.0622714412538286,0.03886437918130804,-0.006463951534808493,1650654932.6053815
0.03250347491082751,0.06242868556406638,0.0391507969354283,-0.006513022368353552,1650654932.6306088
0.03262978658364833,0.0624607700518655,0.03908011706063735,-0.006481308821305684,1650654932.6636682
0.03275711462100704,0.06243652434912769,0.039096816182764574,-0.006477643584423943,1650654932.6923504
0.033178872079047225,0.06298813482835003,0.03892515811935668,-0.006481018929349749,1650654932.7204833
0.03929188293046753,-0.006504091453833524,0.03313311249833193,0.06276081387907878,1650654932.7561047
0.03237653919332106,0.06232093417809374,0.039056607367420726,-0.0064573464765885335,1650654932.7930257
0.03096381297087612,0.06216535742744628,0.039248026765730575,-0.006501405186086331,1650654932.8282924
0.028905866191090597,0.06107107606812534,0.039235917728460724,-0.0065267656210328765,1650654932.855261
0.03921527521080406,-0.0065442847614330685,0.024050074678554648,0.05889214037525032,1650654932.8879607
0.021740954364147365,0.057558061512615034,0.03909699994682873,-0.006508878148508386,1650654932.9629593
0.03925057899511597,-0.006562206795747844,0.01977299639651727,0.05632558622557097,1650654932.9957626
0.017713354714734734,0.054597797176805005,0.03916116828514423,-0.006541640402034773,1650654933.0330431
0.01626018896727477,0.05381667906898192,0.03878400266958931,-0.006484812982936549,1650654933.0660315
0.015382469722229017,0.05237601964961287,0.038792313307565975,-0.006491386228182586,1650654933.0968606
0.01633041159161958,0.053684239352634555,0.03929968493427317,-0.006580498661021564,1650654933.1246536
0.016653692557515462,0.05333177081775147,0.03894606560120756,-0.0065196269101992325,1650654933.1576815
0.017132043464974874,0.053638197230765794,0.03919635501350927,-0.006540837997823867,1650654933.2046573
0.017533852741083943,0.053772009015421396,0.039214571129552254,-0.006542759034048466,1650654933.2367659
0.018006400390092672,0.05424727131327983,0.03938771958598214,-0.006583859310234395,1650654933.2651086
0.018506954806905455,0.05483528977709175,0.039213830004233965,-0.006546017346825369,1650654933.2908757
0.018854751593856436,0.054918490996043984,0.03887617778646547,-0.006484349290122687,1650654933.3263168
0.0191556317142565,0.05491851097600122,0.03915712303669735,-0.006527052756150973,1650654933.3541393
0.019663121778874644,0.0554461734442656,0.039328922006850335,-0.0065482074797603195,1650654933.386708
0.020218599160786874,0.056232507276066726,0.03919310981585116,-0.006537533858436786,1650654933.4252741
0.020421913843756058,0.055952292551475866,0.039333071438317505,-0.006577345763224778,1650654933.4561603
0.020619982072704653,0.055886645434084614,0.03908589172416334,-0.006509638169196178,1650654933.4910276
0.02101876002485124,0.05613221081338124,0.03908767092215747,-0.006531340884224423,1650654933.5193682
0.02140375648064114,0.056465124420702485,0.0392795013021216,-0.006553762774880511,1650654933.5560257
0.021721488816629733,0.05668003773115491,0.03916176371677952,-0.006513531418144011,1650654933.587907
0.03921576431482833,-0.0065445200435802495,0.022055190136068478,0.05685985202171016,1650654933.6240492
0.02234265713321923,0.05702093674698122,0.039182826985754204,-0.006502666327329368,1650654933.655078
0.022903827676130424,0.05774148679890115,0.03888423947629518,-0.006494295395726471,1650654933.6870313
0.023013414385727553,0.05742662463177573,0.039278571212241195,-0.0065579814007922475,1650654933.7202613
0.02321801793522104,0.0574075669609672,0.03921507950592956,-0.006545960925859489,1650654933.7567282
0.023640103648057208,0.05788271130972982,0.039260017529090044,-0.006526299731736552,1650654933.8036294
0.03917145302704536,-0.006510148958920879,0.023929964630324832,0.05809382260885923,1650654933.8508902
0.02418684000893335,0.05815699693409791,0.03929732720004588,-0.006557036135596338,1650654933.885018
0.024470675512233645,0.05826853558907866,0.039222883746681904,-0.0065473233437677554,1650654933.9175742
0.03920924011896332,-0.0065389559456100685,0.025153690044492513,0.058977983619261064,1650654933.9633772
0.025370141881830368,0.05896415606641492,0.03853759354083852,-0.006423983631455602,1650654933.99613
0.03918007421727692,-0.006527180546412828,0.025520195654384323,0.05884556314464191,1650654934.0298576
0.0258562476555304,0.05913508322725859,0.03938180926499008,-0.006555236512439402,1650654934.076644
0.02624141628732658,0.05964699839429957,0.039163281771337044,-0.006521217507421742,1650654934.1169994
0.026294291192325486,0.05932432514457551,0.039267030078407955,-0.006525548292467131,1650654934.1500316
0.02666353386185301,0.05975459910096698,0.03912483280273182,-0.006479915121230495,1650654934.186171
0.026816713249075533,0.05968979186569052,0.039293676362957906,-0.006537943242409587,1650654934.219836
0.02716405680583919,0.06003329924216278,0.03926588874216352,-0.006548651439437738,1650654934.2531817
0.02736133910218746,0.060155056982613885,0.039222009135805834,-0.006522359771643022,1650654934.286602
0.03930303757260057,-0.006538459555626249,0.02808913977994153,0.06129119382510451,1650654934.3192623
0.027527089549334464,0.059776743469692,0.03929310432421543,-0.006550078732334368,1650654934.3515828
0.02792296190521159,0.06024271776468176,0.03887860017406914,-0.006472212299838658,1650654934.3822958
0.028119111774654097,0.060339424522435986,0.03918258341506119,-0.006529291927760191,1650654934.415623
0.028204005286885665,0.06026848302800631,0.039231393436287336,-0.0065450041739014055,1650654934.4548838
0.028363147990190823,0.06021338876126178,0.03927031017960349,-0.0065379573410583825,1650654934.4878461
0.02873439522097658,0.060754862516726106,0.039252210351307416,-0.006527744245632769,1650654934.513974
0.028856845747119435,0.060621425865479875,0.03924918820238295,-0.006509326151402243,1650654934.5476913
0.029112224027682924,0.060854040999579535,0.03907324072945769,-0.006503262162036539,1650654934.5821793
0.029277900011787466,0.06093440749890312,0.03914958008165832,-0.006507870696926402,1650654934.6140215
0.029324854412153684,0.06077406634536562,0.03882054326524622,-0.006444619007373734,1650654934.6450608
0.029595755386586882,0.06109374715054286,0.03917753416003297,-0.006513160268016206,1650654934.6769986
0.029665717719496682,0.06095787048789969,0.039190978329462715,-0.006518409719844854,1650654934.7030697
0.02980919134803325,0.06097489379907068,0.039199542543526256,-0.006510319684432628,1650654934.7338943
0.039435097735183125,-0.0065486201782454165,0.029998548203140924,0.061091740300176174,1650654934.7686005
0.03018676833588401,0.061239583999287674,0.0392625465231039,-0.006513861131412616,1650654934.7970262
0.03035233011731779,0.06132062149889287,0.03921683172999519,-0.0065159897298393415,1650654934.8251123
0.030523149191561308,0.06144592643202465,0.039161256851484035,-0.006506734581925548,1650654934.8618655
0.030534970114063364,0.06116276820124457,0.03913823909601175,-0.006502131237410705,1650654934.8897607
0.030729102189595577,0.06135408140727387,0.03934580145309689,-0.006551376537098972,1650654934.9241328
0.03100803717106559,0.061719572392878216,0.039313835612644406,-0.006523977674906272,1650654934.9583964
0.039304743801475577,-0.006543615711036527,0.03131516254219024,0.06209583855024325,1650654935.015394
0.031100733647695424,0.06144619792411386,0.039291764818906144,-0.006548402480465603,1650654935.0569985
0.031206652972998055,0.06146355606543644,0.039263648593434654,-0.006518848705103983,1650654935.08942
0.03924579181440941,-0.0065336758011387995,0.030534423384719185,0.061300407220021884,1650654935.1226962
0.03920032341552651,-0.006496527268626346,0.029022928593130805,0.06097792377894443,1650654935.1537273
0.03929298226388804,-0.006523001313365371,0.026931809711876017,0.059734366924213786,1650654935.1866202
0.024871466187368622,0.05920574425057432,0.039230373085516294,-0.0065252853298929945,1650654935.2219346
0.02251280568457706,0.05795219758826802,0.039244322631959566,-0.0065545443410151265,1650654935.2533576
0.018115845718978552,0.05484719030379408,0.03918045124576064,-0.006528202353981076,1650654935.2814746
0.016383840715770384,0.053411432530921225,0.03898718545682994,-0.006518280601749689,1650654935.342015
0.014798826618119473,0.0517206252224006,0.03925191313550582,-0.006560330216748567,1650654935.370913
0.014345625181317025,0.0513879035143604,0.0392332599819052,-0.006551636023858729,1650654935.4042585
0.014972868738342063,0.05180590981175119,0.03872850452899453,-0.006478683795956866,1650654935.4382377
0.015484724449444796,0.05220792168263467,0.03920093196457643,-0.006580254938937779,1650654935.4697242
0.016075647323028325,0.053104046057467984,0.039144368538900395,-0.006529926282184345,1650654935.5005438
0.016534073215197766,0.053420388150672626,0.03917994661062966,-0.006551505965923121,1650654935.5332127
0.016726285381593303,0.05311456784285302,0.03920676717624305,-0.006553124296291099,1650654935.5683093
0.03918087902251177,-0.00653245829056676,0.017114026406678945,0.05336618147174223,1650654935.5961795
0.017447441642289105,0.053439334821736066,0.03920214053741557,-0.006552907373724006,1650654935.6272871
0.017901357419540315,0.05404453642056745,0.03911347950512156,-0.006530987504127366,1650654935.6588569
0.03919741637283925,-0.006528120894006387,0.018218437473350318,0.05416773332089192,1650654935.6997259
0.018489528594501436,0.054218818912735056,0.03921137308297415,-0.006552515670051406,1650654935.7345853
0.01886943878347514,0.054561756722654065,0.039255713124455985,-0.0065711514967204615,1650654935.7660584
0.019118447056148943,0.054543081886756696,0.03919135102834743,-0.006534213029860042,1650654935.7924738
0.03925350374518226,-0.0065669174034304854,0.019546184361697784,0.05502686232630653,1650654935.8280332
0.01972081293426473,0.05480319920893199,0.03918097022657666,-0.0065523963664401415,1650654935.8600657
0.02017129374526814,0.05543254399549208,0.039100079212632005,-0.006534376269677347,1650654935.888548
0.020500878164347064,0.05555474641990184,0.038935653043498754,-0.006482479996215074,1650654935.9270818
0.020714387346723713,0.055556702302252216,0.038850227447179135,-0.006475243397551682,1650654935.9664285
0.02120854568381892,0.056252581929327854,0.03921676594948403,-0.0065580120793760155,1650654935.997779
0.02129566640174964,0.05592258525057637,0.03920834887698314,-0.006547932269987885,1650654936.0254703
0.03923654879169678,-0.006550764490232246,0.021891047831462437,0.056847821292129695,1650654936.0538485
0.021903104997815136,0.056338583990263626,0.039038957957574325,-0.006480628436442931,1650654936.0884264
0.03903031786979989,-0.006515772289484255,0.02230190117424319,0.056806483668538826,1650654936.122883
0.02276327394056697,0.05741461169870034,0.039133120788432105,-0.006512190170459082,1650654936.1630542
0.023014568160599918,0.057509664557220994,0.0391216949571229,-0.006530308305070759,1650654936.1963444
0.023124488055092637,0.05733562122617632,0.03910490265489315,-0.006528831368788376,1650654936.233096
0.023333093143071745,0.05742017750852071,0.03920629904129628,-0.006539577199172595,1650654936.2785995
0.02368731190380587,0.05771394230055642,0.039170348716080744,-0.006526478398098196,1650654936.3135893
0.02400674922875923,0.05799375108380613,0.039226829702777195,-0.006529949747646135,1650654936.3488557
0.03881411821607824,-0.006474298458194119,0.024090131680864352,0.05778219396060377,1650654936.3792095
0.024443986912454238,0.058175837170964806,0.039041668762818074,-0.0065045927868347606,1650654936.4066288
0.024797524693952726,0.0585254526020942,0.03919328807227812,-0.006544192049203256,1650654936.4392505
0.03915576560468119,-0.006515808589397911,0.025076869098500848,0.05872061161142889,1650654936.4741209
0.025196815383215495,0.05864637158996984,0.03916454310947539,-0.00652598336538931,1650654936.5084352
0.025551145697458068,0.05901986730896317,0.03910874284210911,-0.006525538909658682,1650654936.5447214
0.02563832939144911,0.05890185005516447,0.039111049434703365,-0.006521733793844204,1650654936.576287
0.03916199297724325,-0.006532404722521803,0.02592532823579889,0.05912959592399842,1650654936.6193886
0.026415532717385146,0.05944878010803186,0.03896374186633638,-0.0064971252528599754,1650654936.6655393
0.026683632168855984,0.05978021972967074,0.03926960951121731,-0.00652946482973059,1650654936.7059557
0.03925667120452615,-0.006531182439527332,0.026762725416617866,0.059567753047658684,1650654936.737145
0.02698209383131791,0.05971124883759264,0.03885292481929942,-0.0064623301456901506,1650654936.7707717
0.027190995628049608,0.05987061777611134,0.038896007279702986,-0.006485620501159439,1650654936.8115993
0.027384680732671345,0.059936576672486794,0.0392273167376364,-0.006534608174690674,1650654936.8426652
0.027610419389026065,0.060094017591880565,0.03927316351069654,-0.006527427935594894,1650654936.8750937
0.02764598817083315,0.05992741247502124,0.039215558798088704,-0.006542986890085176,1650654936.9127927
0.02788482775132243,0.060134704040892155,0.03882186125948052,-0.006468080683809995,1650654936.942525
0.0281646265714782,0.06043424620964513,0.039183840688821345,-0.0065017608229197815,1650654936.971672
0.028233177770614872,0.06034589653052242,0.03926237394788002,-0.00654000340114999,1650654936.998241
0.028349293767795495,0.06023868896708272,0.03918717307730873,-0.006524472416873677,1650654937.0271153
0.02848986935346943,0.06029445571452128,0.0391709008795738,-0.006505250382519645,1650654937.066933
0.028636726429322707,0.06040638312370997,0.03896031955092109,-0.0064925231036672155,1650654937.1055408
0.028865301274975864,0.06054374897833474,0.03917782915494468,-0.006518501287357902,1650654937.1475275
0.029131963114906952,0.06082602323184936,0.03920152969183028,-0.006523695046603686,1650654937.1818256
0.029253986469949315,0.060831921371267014,0.039138499838235585,-0.006531634541547829,1650654937.209277
0.0293333696736045,0.06078292272145953,0.039129082321741566,-0.006494150327678854,1650654937.2479563
0.029434767096732473,0.060828893875043984,0.03915313423428885,-0.006534851920980714,1650654937.2794306
0.029570313583145873,0.06081624495446913,0.03918257673883815,-0.0064982930381659535,1650654937.3110096
0.029696480645093688,0.06085805992625871,0.039236749212021374,-0.006528089214305047,1650654937.3493476
0.029840279252246277,0.060982318672523926,0.03924293071029611,-0.006529505040224988,1650654937.3823483
0.029036455067467153,0.06051590194494168,0.03915710420689494,-0.006489052386220233,1650654937.4200056
0.027333844268604652,0.059938729623818125,0.039112177701577974,-0.006494727279168043,1650654937.4632213
0.0255017980440875,0.059236919656904766,0.03889057794241426,-0.006468213423349875,1650654937.4914975
0.020807993474986342,0.056454633465269806,0.03915696730450527,-0.0065294638852980815,1650654937.521206
0.018591731988618937,0.05486581367201686,0.03870629425545224,-0.00648602216547907,1650654937.5805614
0.01657996361313033,0.0527985082541989,0.03920321217639207,-0.006552630515334135,1650654937.6099346
0.015147058712596534,0.05170903720703103,0.039226771445234766,-0.0065507219514525684,1650654937.6354597
0.03922634624327721,-0.0065603335780001675,0.013906265604811962,0.05094706730929346,1650654937.6716297
0.039184040287489556,-0.0065560100998306396,0.013585496753288519,0.050737689864122144,1650654937.695732
0.03919820256495551,-0.006573196721191587,0.014221406877897727,0.05135677428448084,1650654937.726134
0.014659609838029017,0.05153193241945995,0.0392839687162628,-0.006583724411533258,1650654937.7682836
0.03915593972952141,-0.006542801091494065,0.014994937172324793,0.051560132606724124,1650654937.796083
0.015360915954967701,0.05181624946032172,0.03915222778801823,-0.006516498300244307,1650654937.828299
0.015675155717580977,0.05178742824430911,0.039288440645955686,-0.006574806008510345,1650654937.8627381
0.03918134238402611,-0.006538928904263514,0.016241291689586154,0.05274927020177843,1650654937.8900106
0.016508155828914253,0.05267855817502619,0.039262863383837915,-0.006564175864341526,1650654937.9266658
0.016879160274659428,0.05292205623436395,0.03920659839368056,-0.00654434011975209,1650654937.9568863
0.03884883044140443,-0.006486915102254719,0.01722827331014089,0.05329264094055269,1650654937.9938164
0.017595671589279098,0.05350260526017821,0.039002602863099395,-0.006515417514405842,1650654938.0309093
0.0180376235560254,0.05415863826883409,0.03928383059554329,-0.006554327848163923,1650654938.0705824
0.039241461362346644,-0.006565194945806902,0.018389282689925898,0.0544138286325832,1650654938.0978963
0.018404491965819066,0.053793972697472894,0.03901218258114355,-0.0065177336138355435,1650654938.141792
0.018844369400966114,0.054425906184522754,0.03922824056805869,-0.006569378754662826,1650654938.1761951
0.019070470719981303,0.05437581616188464,0.03896748890797386,-0.0065120693038883655,1650654938.208076
0.01935058596957857,0.0546181606452529,0.03931715191893071,-0.006578625065934471,1650654938.2430313
0.01963760490388984,0.05482408613759869,0.03913771597303107,-0.006543621469396793,1650654938.280862
0.01984163374381386,0.05484347211792357,0.03889133946822578,-0.0064997213144805,1650654938.3170505
0.0201250665886889,0.05506983032581819,0.03879823372874854,-0.006513883944248806,1650654938.3467865
0.02062024283819187,0.05571686996785015,0.03885457255383659,-0.006476725455640191,1650654938.3793972
0.02073514680451818,0.05556053565409181,0.03896711446734785,-0.006527003976022805,1650654938.4133697
0.020868169836696142,0.055550107077760265,0.03916304627423925,-0.0065469137020423285,1650654938.4508784
0.021285531874765826,0.056072817267845694,0.039182121308269854,-0.006558526055764476,1650654938.493059
0.022022675423583243,0.056911777026186855,0.039079160882981016,-0.006504668132359314,1650654938.5315342
0.02204970519623031,0.056486886956963925,0.039316135050534086,-0.006545881320484657,1650654938.5782394
0.02229364035539065,0.05660786590983354,0.03921864214645822,-0.006558073205996068,1650654938.6114833
0.022350457494464293,0.056404022541588196,0.03918677567393926,-0.0065293625195689394,1650654938.6568005
0.039292166340968195,-0.006547261547742724,0.023035214953542188,0.05764048165177526,1650654938.693961
0.022948284198652073,0.057019218779849126,0.039188570644712734,-0.006520784476408196,1650654938.7301853
0.023445648639096504,0.05744264304110051,0.03905905704840276,-0.006498518501287085,1650654938.7659411
0.023680313342547398,0.05751298034605419,0.039227979573496316,-0.006528458996758657,1650654938.8152764
0.024359358352101367,0.05871622754522385,0.039182573028322676,-0.006508408539866589,1650654938.849256
0.02431123564031724,0.058170050224786024,0.03901808397402994,-0.00651565024410233,1650654938.8890233
0.024670432856363594,0.05826822840057196,0.039232386427044,-0.006538666652370766,1650654938.9318175
0.02484598380134079,0.05838689632597121,0.03919496701447152,-0.0065152871986500155,1650654938.9680593
0.03928146500847368,-0.006547515399009952,0.0251078967364218,0.05857282616835221,1650654939.0024018
0.03887611890816845,-0.006492754721769301,0.025274429779835163,0.05861716636344313,1650654939.0348618
0.025511919301740134,0.05868697359962959,0.03919915392694355,-0.006519474312700239,1650654939.069575
0.02557409942347392,0.058662063287595205,0.03919150453272644,-0.006516154902267513,1650654939.1095006
0.026002995813881373,0.05926315192930718,0.03893074007811213,-0.006486847573506002,1650654939.1512952
0.03889811852461436,-0.006463782391808246,0.026234686239364657,0.059441589104817505,1650654939.1914637
0.02639630097338893,0.059508270568599225,0.039102162764791316,-0.006503605583721759,1650654939.2231772
0.02656809404549705,0.0596023153698513,0.03921717199640997,-0.006527390699432823,1650654939.256757
0.02675861172082776,0.059752777485522816,0.03931012912531494,-0.00653927119783076,1650654939.2933688
0.03928391703484713,-0.006546430039436504,0.02717360256138377,0.06001673788592575,1650654939.3389509
0.027253291645757252,0.059926233298292324,0.039102484124596486,-0.006484752348418818,1650654939.374
0.02731846940669148,0.05983903136826941,0.03925352185853903,-0.006542540893278557,1650654939.4020846
0.027552932514409406,0.060033233162193465,0.03929468882338562,-0.006538778444918966,1650654939.437717
0.02775657756628988,0.06018522545996901,0.0393496757625607,-0.006563426150328199,1650654939.4738183
0.0392498176376881,-0.006537165699086656,0.02769567382139141,0.05982428743321624,1650654939.51005
0.028021536076687125,0.06026071464906764,0.039247183799490104,-0.006518196891543712,1650654939.5440001
0.02822416095503942,0.06042400527620803,0.03908293267964008,-0.006490550750762517,1650654939.584712
0.02833006423504278,0.060387473223108466,0.03921191659727771,-0.006522570557630987,1650654939.6231205
0.028476214187006327,0.06044775276607329,0.03880667315598636,-0.0064231647890263316,1650654939.6516542
0.02841775542345427,0.06012964153297006,0.03927231538041879,-0.006551129083336805,1650654939.6843007
0.027795652739993147,0.0600773296591155,0.039123906278102916,-0.006494567679362084,1650654939.7207067
0.026031211855982565,0.0593332612513435,0.03880921726047455,-0.00643399836647483,1650654939.7536507
0.03919057076014842,-0.006543397032961261,0.0241219456626571,0.05841078336598963,1650654939.7851336
0.03922595802281412,-0.006517692170246091,0.021866063787180846,0.05700902014357195,1650654939.8186824
0.019616781326852507,0.055392447975770816,0.03876251844192732,-0.006462039404007377,1650654939.8526204
0.01780761337518696,0.054241341176315544,0.03913349103601653,-0.0065143867128624605,1650654939.8777285
0.01604705514060764,0.052760858546120615,0.03919469153643555,-0.00655473651699491,1650654939.9133666
0.014651117037352356,0.051733308313847676,0.0389959400908338,-0.006525396417864916,1650654939.9491503
0.013318575410459449,0.05016291050668428,0.039202892433969065,-0.006538733474756602,1650654939.9857497
0.012735534227402038,0.04881260741764967,0.03923436185379625,-0.006578277469338002,1650654940.0164707
0.013565324437677278,0.05027856224882634,0.03928557408967666,-0.006589183649243598,1650654940.0499425
0.014181693961391505,0.0511649669452551,0.03925863930215796,-0.006556727100591738,1650654940.0985672
0.014402729148634488,0.05079243388168474,0.039263036237671946,-0.006548710267538252,1650654940.1287122
0.015110597997304881,0.051201261963228335,0.039177631771627905,-0.006540432200859018,1650654940.1658556
0.015529015941508588,0.05174105006546985,0.03910298567508774,-0.0065364633180991834,1650654940.1942775
0.03923536154450783,-0.0065691463104669435,0.015720098164109,0.051525369603450596,1650654940.2314284
0.01592248169890445,0.05139509972514611,0.03891509903143031,-0.006518296694592668,1650654940.2627902
0.016473476413097064,0.05234284151225544,0.03920732927516462,-0.00659695311434384,1650654940.2964792
0.016980222585379682,0.05327117049192344,0.038834504691093064,-0.006489037166155066,1650654940.3258266
0.017102474953229193,0.05284633196529891,0.03939266777131784,-0.006535537251855461,1650654940.3660314
0.01728429108510497,0.05269808630298877,0.03919108669195194,-0.006573138342466849,1650654940.3979352
0.017611351114362555,0.05307901771902088,0.039240514560791945,-0.006569103103281434,1650654940.431275
0.0179045677790417,0.053397637527881396,0.03927373930761361,-0.0065738757670004274,1650654940.4645822
0.018131015980467586,0.05335003522493858,0.039086816379319836,-0.0065494077996381735,1650654940.4935186
0.03918675079764771,-0.006537263392553741,0.018772456320061356,0.05457698620135491,1650654940.5239475
0.018731738940919434,0.05399283601844204,0.03892939411581725,-0.006481175431018709,1650654940.5597653
0.01894677247652953,0.05404313348796219,0.039024104493671136,-0.006507687883226879,1650654940.5968878
0.019197143359246042,0.054238901576609565,0.039241206177429766,-0.006546636213907033,1650654940.6260388
0.01959410205949287,0.05478186769084464,0.038973376894718595,-0.006520782679977548,1650654940.6659942
0.02009525676494155,0.05557838908826005,0.039188443153218254,-0.006527582827352372,1650654940.6995232
0.020172564127211103,0.05522819229411913,0.03903078509820865,-0.006499483635944067,1650654940.7344234
0.020257539800843636,0.05506925767442876,0.039250171265911,-0.00655146123660407,1650654940.7684586
0.020481270869066107,0.055130529871171,0.039296633522111844,-0.006529851823205365,1650654940.804797
0.020837240676695058,0.05557864309958463,0.03917517417310204,-0.0065298847880468445,1650654940.8358254
0.020960923203815537,0.05552465881771466,0.038877909686786095,-0.006501547725668499,1650654940.8696513
0.021662440715707304,0.05676494257372509,0.03930932941049209,-0.006554304578542037,1650654940.8983092
0.021620084156485243,0.05618518001578353,0.03878485659268714,-0.006451205378699939,1650654940.932415
0.02196338658269496,0.05660921248593563,0.03909720705226973,-0.006505617381432365,1650654940.9609694
0.022118811099379472,0.05655836587787888,0.0391540083238199,-0.006519710701608655,1650654940.9906607
0.02234585107365842,0.05666074405428554,0.03904185378647338,-0.006522578863564468,1650654941.029645
0.022549449195421713,0.05680051270330787,0.03909836819533027,-0.0065171113050586805,1650654941.0630584
0.022669348541394796,0.05678384939242211,0.03911351050261516,-0.0065030349209160496,1650654941.0986965
0.022968888605494075,0.057057060827576604,0.0390151622465561,-0.006530413762172977,1650654941.1259968
0.02326515169404094,0.057283214726371726,0.039134049280443235,-0.006507741226340691,1650654941.17119
0.023376473616087964,0.05723261548049973,0.03925260251920215,-0.006538110980119318,1650654941.2030592
0.023546409936350137,0.0572187006351111,0.03922856755287064,-0.00652888698991931,1650654941.2352345
0.02387666786469664,0.057631146035656715,0.03895434542159823,-0.0065025947479005345,1650654941.2742343
0.024165817172042987,0.057899298443223855,0.0391887943477137,-0.006507653913902216,1650654941.303027
0.024304787086611674,0.05787310010597102,0.03908699461959427,-0.006515302276082362,1650654941.330958
0.03912806683834755,-0.006489363174419643,0.024463505402664575,0.05788885532710208,1650654941.3612838
0.024777223715186116,0.05830772915009724,0.03927731113143888,-0.006537681717691699,1650654941.3940344
0.02503673847565812,0.05854461464217914,0.03940456211007562,-0.00654746632950981,1650654941.4329152
0.039298417528988445,-0.006530163690124895,0.02510344930646764,0.05837066023489775,1650654941.4652684
0.0254355447229535,0.058769426765785567,0.03911585784329636,-0.006506799020709531,1650654941.494226
0.02546414212190587,0.05855413274358497,0.03881961193564403,-0.0064625956906457635,1650654941.5311656
0.02569297129809964,0.058819886967779976,0.039242934050048486,-0.006524774580760745,1650654941.5584118
0.025951200709835743,0.05908927168420463,0.03921778885683052,-0.006517226069164821,1650654941.5994942
0.03878076841306907,-0.006440059504058144,0.026185801981097413,0.05930735925788813,1650654941.6344519
0.02623569013924715,0.059130672130507184,0.03927090643792981,-0.006536936491953224,1650654941.664781
0.026627596309461335,0.05970571779314598,0.038986407609558106,-0.006503476586233486,1650654941.698323
0.026775239538995556,0.05974562561277816,0.039136116740378854,-0.006518522885533213,1650654941.729978
0.026827656541812562,0.05958337545451189,0.03892655705751851,-0.006453996835962456,1650654941.7671146
0.03918329179296946,-0.00652327207208651,0.02700607822293108,0.05975178093659307,1650654941.800491
0.03869387353407773,-0.006432134782111828,0.027687020670020525,0.06086204579675043,1650654941.8360126
0.02736287688865245,0.05987097316388691,0.039402351556345964,-0.0065799341870198085,1650654941.8595893
0.02733973239117465,0.05960916637262369,0.039189606359929255,-0.006512422637224459,1650654941.899649
0.027621606614781025,0.06003765578172043,0.038942456646294484,-0.006479103672922962,1650654941.928428
0.027699402180216097,0.059961640601520455,0.03919381260756127,-0.006505828556239125,1650654941.960711
0.02699084760570699,0.05978078181462459,0.03930521141930362,-0.006528502717360187,1650654942.0021694
0.025245498618490746,0.05898105122850103,0.03899539280047183,-0.006457722679394765,1650654942.0355844
0.023198592077460518,0.05763242486677062,0.03932101305043001,-0.006536903762201456,1650654942.070397
0.020955597522577828,0.05615854940527168,0.038948678293494875,-0.006474615011439706,1650654942.09948
0.01904239352405381,0.055318229900871346,0.03905193712927439,-0.006499225139062423,1650654942.1275184
0.016949115172922836,0.05315414321876347,0.03918881759858152,-0.006556098775186831,1650654942.1702714
0.01550903593076617,0.05240112273367874,0.039278122983820156,-0.006557449637362912,1650654942.1983807
0.01406466567226249,0.050925277615772646,0.03914239588623078,-0.0065254291944329,1650654942.2348776
0.012754607892417216,0.04914541053070384,0.039033698254132734,-0.0065141351814436916,1650654942.268879
0.012487989968293041,0.04865492072337531,0.039227046926848155,-0.006567224707236501,1650654942.3036041
0.013186972822597193,0.049665363303246474,0.03935558214386765,-0.0065829052454944295,1650654942.3357944
0.013553351304035934,0.049734144236175906,0.03911974717990649,-0.006535101388929479,1650654942.3649476
0.03919662270911179,-0.0065469802493176715,0.013858632506830365,0.04988642939326871,1650654942.3974004
0.014335553113322698,0.05062321060063127,0.03885076377173862,-0.006489962212110609,1650654942.4317348
0.014570565483569189,0.05046121437900893,0.03899890151325354,-0.006529993061778783,1650654942.4622643
0.014910022411350391,0.05076881989510922,0.03928439266317675,-0.006549109869127472,1650654942.4975832
0.01547382379103035,0.051723965724916325,0.039068985617908884,-0.006516505938080602,1650654942.5296402
0.01567683801325099,0.05157086424695595,0.03920328592580361,-0.0065520083992474665,1650654942.5661
0.0392242650145732,-0.00655637033276303,0.016076116025676466,0.05230520060339006,1650654942.5970745
0.016199633549032328,0.05185747311705287,0.03925885531126529,-0.0065376575126383915,1650654942.6270084
0.01662626520470517,0.05244772630765054,0.03909124241558466,-0.006528295256944071,1650654942.667757
0.017018846243936563,0.0532242835976515,0.03923367894994288,-0.006575105688505053,1650654942.7005308
0.017262268661202906,0.05328010926437964,0.039270193981682675,-0.006577844535041015,1650654942.72434
0.017282792457091148,0.0527924363357731,0.03919316709413057,-0.006551053518927842,1650654942.764621
0.01780708164951942,0.05363959385402316,0.03885320500763761,-0.006498858315557088,1650654942.8019872
0.01806489427341657,0.05392694464425342,0.03891609774889952,-0.006493251498024245,1650654942.8296394
0.01834207682779762,0.0541662123321004,0.03892196939872805,-0.006480178738174175,1650654942.8660953
0.01858655239540853,0.05433812403849245,0.03932516083842399,-0.0065839550445499495,1650654942.9091175
0.039232273895385715,-0.006571136352181183,0.01863483040614927,0.05403741135626298,1650654942.93937
0.01890721234342425,0.05426426850273226,0.03927732606583269,-0.006563573034716853,1650654942.9672763
0.019008453377509994,0.054027046523689046,0.03884111365286401,-0.006461243946079348,1650654943.0072064
0.03915757101552614,-0.006532509134036524,0.019230312773916087,0.0541686330925201,1650654943.040229
0.019815830956890736,0.05539758612066927,0.039133461094901505,-0.006512138618602879,1650654943.0754485
0.019725161377514903,0.05456901088568858,0.03919498363346783,-0.006546906165569135,1650654943.1107635
0.020030534985177297,0.055082967307167975,0.03911110408146321,-0.006518237045835914,1650654943.1397858
0.020302197017406026,0.055275341667932805,0.039186913160799315,-0.006537033261309633,1650654943.172976
0.02049572002475722,0.05536341890886367,0.03894334348671001,-0.0064876504169017165,1650654943.205881
0.020576376605322966,0.055150114567737524,0.03928144304414121,-0.006528003710565167,1650654943.2359614
0.03928805649514664,-0.006550000546411997,0.020859887587649784,0.055372288194024434,1650654943.2666037
0.02099584750757446,0.0554982119947538,0.0392170067003181,-0.006543115022139304,1650654943.300423
0.021280750219699638,0.05583104840241528,0.039131304120844215,-0.006523238583972083,1650654943.3283787
0.021472009924561726,0.05589029348490561,0.03928484783777979,-0.006538355920616598,1650654943.3635662
0.021908027208141518,0.056548921684916674,0.039345938066168436,-0.006541707952875662,1650654943.3953452
0.02230710789888278,0.057122302123358656,0.03932797072582625,-0.006544286647830703,1650654943.4319632
0.03925891442544663,-0.006533053224291872,0.02215016728211475,0.056299626370623856,1650654943.4650955
0.03921387103518325,-0.006550981839957265,0.022768462765413743,0.0575844464182305,1650654943.4957159
0.02261321676403664,0.056772030842099974,0.03925508729964808,-0.006517235332645569,1650654943.5305357
0.022864048009507115,0.05707086303207046,0.039073215106630255,-0.006508478098248622,1650654943.5621307
0.023123583369231485,0.05724667127134392,0.03913964030632925,-0.006521446927777112,1650654943.612265
0.039123634342213574,-0.006487388316510161,0.023268353535833397,0.057222890282332725,1650654943.6412675
0.023420645786983763,0.057279064437131155,0.03896826215922865,-0.0064973183627063235,1650654943.6708298
0.039280336909653046,-0.006542612346629993,0.023535511538354356,0.057234318566821596,1650654943.6982174
0.02381499459802179,0.05749071192587058,0.0392680238890188,-0.006520744715616705,1650654943.726266
0.02398179993865976,0.0576543773286241,0.039294493232675295,-0.006519058938762852,1650654943.7668998
0.02430332167473801,0.058026973710103236,0.03916694919602467,-0.006506600816187333,1650654943.798186
0.03896855528219533,-0.0064867121233012515,0.024351329518656692,0.05781105299588155,1650654943.8288565
0.02468973877060936,0.058267071181927296,0.039162745651411035,-0.006502493717298202,1650654943.8634775
0.024847216132781444,0.05844827067007938,0.03907734761162902,-0.006509354183970318,1650654943.8962328
0.025022496981490273,0.05855756080638295,0.039246686467010405,-0.006516586732122793,1650654943.9305816
0.025190784529010347,0.05853148180850049,0.03919549129917913,-0.006512175121735057,1650654943.9652011
0.025450267975676847,0.058803355186765376,0.03917749687828298,-0.00652062876910732,1650654943.9994931
0.025570377246344,0.05885169961119226,0.03917751959359282,-0.00652031493817663,1650654944.035216
0.03926509608862064,-0.006529690385308484,0.025660320570463885,0.0588568040884484,1650654944.0632267
0.026005597694395043,0.05925779609366031,0.039061774030314356,-0.0065100827635877784,1650654944.096306
0.03923709057388899,-0.006553181369911176,0.026080079517353423,0.05917176381847889,1650654944.1308923
0.02623572318574161,0.0593190424919205,0.03923815071276324,-0.006517958545995936,1650654944.167059
0.02634946203462999,0.059257649858969905,0.03922955434386296,-0.006514961774753465,1650654944.2038457
0.02658225602030521,0.05960464861408671,0.03919024179708483,-0.00652054550801641,1650654944.2329993
0.026681761173759373,0.05960298906608668,0.039223053013604875,-0.00652522798994414,1650654944.2641888
0.03908252545084042,-0.00648705847912959,0.02586548492593761,0.059109846390001754,1650654944.2996116
0.03910833967030846,-0.006475420082912409,0.024097038594196072,0.058223804327919355,1650654944.3378944
0.039195245397166435,-0.006516850011220684,0.022086665929088062,0.05693348986332712,1650654944.3710842
0.01980481882429494,0.0551750466153498,0.03923340697780312,-0.006525459864189191,1650654944.4020422
0.01793413208004459,0.053952463690739125,0.039108363647563135,-0.0065327136955841,1650654944.4292977
0.015926689211138295,0.05169382900808193,0.03902663590441947,-0.006523204943969328,1650654944.4721422
0.014466851228303615,0.05068976081824763,0.03883580459700668,-0.006469919857529742,1650654944.5079062
0.013252234986037172,0.04997949878790789,0.038665785742343764,-0.006439541972000809,1650654944.5452535
0.012140638380665392,0.04892110225396834,0.03922984022010498,-0.006545465478636379,1650654944.573814
0.011770829732111064,0.04849735867496099,0.039175550689461616,-0.006538794549075373,1650654944.6084208
0.01224498640785057,0.04852511013233277,0.039108933153109135,-0.006562338081372373,1650654944.6375751
0.01251736968193176,0.04848626303887102,0.03921911385538136,-0.006532691625954705,1650654944.6677988
0.03920835681826028,-0.006541323979191712,0.012918947822987945,0.04889931924908614,1650654944.695873
0.013343093531301352,0.04946313456855265,0.03925457982440505,-0.0065766785651327755,1650654944.732768
0.03916451577293629,-0.006544696338336702,0.013553519444420724,0.04936130370209225,1650654944.76868
0.013845234984890115,0.0495763158172362,0.038731286213041255,-0.0064594760400492985,1650654944.8026803
0.014373297818808061,0.050625953089298445,0.03913428546364224,-0.006528168183584105,1650654944.8270855
0.01441797300141097,0.04997548259164935,0.039249373139721544,-0.006552845469063151,1650654944.864051
0.01496547678955541,0.05091797763497349,0.03903176158314413,-0.0065148263451444205,1650654944.898491
0.039188804374911054,-0.006550069460250284,0.0151713456812287,0.05110452273026904,1650654944.927921
0.015540249684708192,0.051581456621543904,0.0387172231781412,-0.006451418137731439,1650654944.964576
0.01593155340108404,0.052254041667333724,0.03893237167106688,-0.006507266598460312,1650654944.9973407
0.03904341911909107,-0.006527662149409016,0.016138372598949218,0.05232433711958463,1650654945.0387917
0.039188799506646804,-0.0065435279531923015,0.016096369961637626,0.05160201782105701,1650654945.0689273
0.016361689286384415,0.051861868037185954,0.0391706597690843,-0.006543065259878908,1650654945.0983627
0.016786701245401204,0.052649552027815294,0.038848466393965546,-0.006491396162238143,1650654945.1328077
0.01709463080445731,0.05310544891599471,0.03919380369256588,-0.00653445309524448,1650654945.1695027
0.017105973143721972,0.052513560194920116,0.039314723425051226,-0.006575202705400404,1650654945.2008162
0.017288281889163586,0.05270467294724969,0.03877779259260733,-0.006477618179722859,1650654945.236116
0.01775846031842169,0.053567453141344853,0.03914835974282936,-0.006534584970603598,1650654945.2708273
0.017827997834359004,0.05315127087501947,0.03871848052667023,-0.006461791714863629,1650654945.301554
0.03923515585423178,-0.006546282230230377,0.018142185690320344,0.05375549546795798,1650654945.3303106
0.01844354123000898,0.05417385847517401,0.03926364796192441,-0.006547655219052581,1650654945.3597393
0.039230574127670705,-0.006537927795692744,0.01872836531755571,0.054521796604631814,1650654945.4041018
0.01854480045365376,0.0536911255436723,0.038945746347195574,-0.006494206343608167,1650654945.427423
0.01907448567546152,0.05462212768981651,0.039140253536732755,-0.006511407242675274,1650654945.4652705
0.019083468728023665,0.05426629139135943,0.0393069516832613,-0.006563502579020245,1650654945.4995773
0.019492759109651786,0.05496800630013756,0.03916622292717995,-0.006535438166228498,1650654945.5331116
0.019484275886075316,0.05459691384696953,0.0392144929563268,-0.006538155635569228,1650654945.5678453
0.0200279074592921,0.05561521385438406,0.03919158975143158,-0.006527879118706443,1650654945.6025677
0.039242141218114264,-0.006553366778872733,0.019960525292692398,0.05500755502246082,1650654945.636396
0.020136392167753963,0.055175479512238,0.03926560368438488,-0.006550252621198153,1650654945.6739545
0.020656812517001123,0.05614020961290833,0.03899503377409538,-0.006498295395784523,1650654945.7102895
0.020432577959027233,0.05512889791701764,0.038969096980449446,-0.006504034867233792,1650654945.7336354
0.02071930427604715,0.05548604119211176,0.039238230138493535,-0.006544060790726693,1650654945.7623627
0.020870875497369226,0.05562878954660464,0.03923098327343686,-0.006523042706537569,1650654945.8047245
0.020989963803816732,0.05553881564767695,0.03909085735169124,-0.006491172806121272,1650654945.8376784
0.021305327158261684,0.055934799595482816,0.03908179566175262,-0.00654152083594562,1650654945.8630235
0.021507576803522686,0.05609040909924588,0.03918443219649802,-0.0065299727938391595,1650654945.8968155
0.021637129670265594,0.056202336243720744,0.03923156095562672,-0.006528515812860318,1650654945.9326286
0.022206730946766375,0.057175547142246076,0.039425203245635324,-0.0065764844722223355,1650654945.968935
0.022014656961088615,0.056332411819394225,0.039123546383935386,-0.006522451010866281,1650654946.0030296
0.03913403145022532,-0.006528007212699886,0.02228368527927757,0.05662414138739024,1650654946.042887
0.038726652310598804,-0.006449349498865803,0.022782494469564103,0.05755533865254998,1650654946.0742438
0.022782619649463688,0.057312990539696,0.03922774969159864,-0.006553865927296184,1650654946.1060464
0.03918487191548699,-0.006529233489810196,0.022854528602659206,0.057164119498947785,1650654946.133969
0.023066897612210358,0.057374030073770094,0.039250472930408925,-0.006530756050916576,1650654946.1707535
0.02312494855343713,0.057250790028993886,0.03919873569278538,-0.0065263172545864685,1650654946.20722
0.03915098287138874,-0.00650975987519524,0.023395901432126883,0.05760339810290605,1650654946.2407262
0.023519714317013756,0.05762632106858631,0.03918383496047131,-0.0065117173775835315,1650654946.2754915
0.03928029075081741,-0.006545914046739975,0.0238466365337372,0.058022965929029856,1650654946.3016422
0.02388141081829621,0.057880028449029675,0.03936155353922599,-0.006557438354546976,1650654946.3274827
0.02407758375668271,0.058069031394139395,0.03927104500565072,-0.006561688081461839,1650654946.3640697
0.02427329542949914,0.05821640257461565,0.03924527564899919,-0.006523499178835733,1650654946.4103267
0.024419932844901363,0.058308035719461734,0.03915578498216976,-0.00651185252182685,1650654946.4358234
0.024597599835550973,0.05846357458969721,0.03912424662081037,-0.006515309795641046,1650654946.4672635
0.02473038799666978,0.05850943398007302,0.03914462760713476,-0.006507637608877682,1650654946.5215456
0.025364637998818294,0.0597106825529906,0.03918630939761592,-0.006516786974782716,1650654946.551871
0.039310197581657394,-0.006522247665443504,0.025056719608180362,0.05873731650624717,1650654946.5820267
0.02428927481951604,0.05841705468199158,0.03917290417727377,-0.006507871885840584,1650654946.6123977
0.03910711807503461,-0.006497480517229658,0.02244742384085411,0.05722907248678045,1650654946.6457784
0.018411647775117293,0.05410276108419772,0.03922131803213922,-0.006523803554273369,1650654946.680855
0.016514038018424774,0.05225578030651004,0.03882490192967067,-0.006478134353308918,1650654946.7469203
0.039199368291475224,-0.006540913765692641,0.015104199422565984,0.05165405194628888,1650654946.7804472
0.03923730768773227,-0.006529695062351944,0.013522671869496065,0.04991009777927345,1650654946.8144825
0.012318891969475412,0.049162142084458786,0.03916177557616777,-0.006532497294856883,1650654946.8412209
0.010955287699449846,0.046888113943581236,0.03921447962188331,-0.006547454257836442,1650654946.87593
0.039026009398813725,-0.006513751525049506,0.010844934714503056,0.04720227287827572,1650654946.9099402
0.011227059537065747,0.046946470688365126,0.03885752949975245,-0.0065026419278593805,1650654946.9383368
0.011854007859137546,0.048419621501882,0.038934656966924185,-0.0065331230299693335,1650654946.9708085
0.012090529878653706,0.04816827340915814,0.03922955987403316,-0.006546487976261919,1650654946.9999073
0.012394872151163,0.04821019449729619,0.03923575929782412,-0.006559040383566909,1650654947.0391865
0.01273049887955608,0.048673049940043324,0.038993780959118596,-0.006506811280886846,1650654947.0780177
0.013044214055958528,0.04895438286272493,0.03926480620867565,-0.006572346054646584,1650654947.1123981
0.013347467643857015,0.04917387148196209,0.038953702433450386,-0.006490502882096764,1650654947.1459367
0.013710930955315469,0.049606547173332675,0.038867442294416986,-0.0065045084803358804,1650654947.174166
0.014206892261054704,0.050623463940354926,0.03918562551574456,-0.00653267922681055,1650654947.2022166
0.038920300626362966,-0.006495076243551345,0.014351933371652385,0.05041833545361935,1650654947.2320724
0.014695942164652587,0.050869082624173306,0.03923929850966352,-0.006549055809753653,1650654947.26539
0.014831073822592578,0.05059741657081628,0.03887659900447029,-0.0064941193855733515,1650654947.3012645
0.01510342249318358,0.051074597342089675,0.03925418032084616,-0.006536572122988699,1650654947.336582
0.03906355279204236,-0.0065189477588614595,0.015255435374895723,0.050977106774155484,1650654947.3656118
0.03915903503189819,-0.006529603039533229,0.015786717443302144,0.05206566918240474,1650654947.399604
0.015866907966906544,0.05180657489150764,0.03913848250028225,-0.006537990513604158,1650654947.4292855
0.01591655075869896,0.05125496951968266,0.03897659838648881,-0.006508709928953178,1650654947.4636137
0.01614710703845381,0.051530574735722076,0.03928984578526892,-0.0065631437105005954,1650654947.5013874
0.03918833225799632,-0.006553253767619394,0.016653061297546717,0.052787193556173985,1650654947.5378602
0.016600292287224896,0.05209313206433943,0.039228716641389674,-0.006542646220730438,1650654947.5678837
0.017134447461669734,0.053295912881891665,0.03914771881001668,-0.006531500698312469,1650654947.6043344
0.017143372555429186,0.052831768086112584,0.039158906195121315,-0.006514725040920173,1650654947.6379194
0.017529714814598564,0.05357949174888131,0.03925210386913111,-0.0065379983247199165,1650654947.6667166
0.01749909005441913,0.053056495482491375,0.0392492516067865,-0.006556799497337497,1650654947.7043478
0.03879263721892228,-0.006486220884320356,0.01776914023681445,0.05339943485475257,1650654947.7359982
0.018076333493332278,0.05381617710056692,0.039276880709315364,-0.006562672748617424,1650654947.765775
0.018263300021894666,0.05406108916913563,0.0392177490040326,-0.0065365116099412295,1650654947.7982624
0.01852307094121183,0.05438118423129845,0.03915322748029258,-0.006517195013481254,1650654947.8452594
0.03880484174048482,-0.006453875453047801,0.01873214171432097,0.054562485328027016,1650654947.8749728
0.018589290442503976,0.05387864631202525,0.03924368913639647,-0.006550428942609247,1650654947.9021323
0.019052569752921557,0.05479119781277412,0.03884454266842502,-0.006459682259959999,1650654947.9300714
0.03926608368797912,-0.006545372465168263,0.019070117817056392,0.054419477308876085,1650654947.9657133
0.03880807693148521,-0.006495268064572216,0.019319875389204724,0.054520131363233,1650654947.9979446
0.019597983296336864,0.05503212938258588,0.039179023691714096,-0.00651588946674575,1650654948.0308056
0.019682202297346827,0.054854193202205755,0.03930635988140602,-0.006543302572885012,1650654948.0693438
0.019755366104133826,0.054763867873679005,0.03923911342219122,-0.006536321210513428,1650654948.0984535
0.039314755852354534,-0.00654973583648108,0.020035047031486928,0.05524462992508544,1650654948.1292052
0.039267945617128916,-0.006552588003121081,0.02021383603365365,0.05531330536092745,1650654948.1607003
0.020451846436615316,0.05556061571556017,0.039118395701490644,-0.0065182880908001535,1650654948.200514
0.020543093563057783,0.05544896821344075,0.03919055803889234,-0.006541955182192904,1650654948.2328098
0.020855893146282025,0.05585456080249432,0.03913711156654382,-0.006511903709755588,1650654948.2778797
0.03929440929203226,-0.006539603553806026,0.020890916388552942,0.05569788302206145,1650654948.30546
0.02116998118261739,0.05608561352484993,0.03930988682889155,-0.0065561653272425665,1650654948.3360195
0.039184081015628806,-0.006512350363742394,0.021315914319252203,0.05583439413954744,1650654948.4128551
0.021491187848563045,0.055976812037273345,0.039072879887500994,-0.006504507013964856,1650654948.4637237
0.03919864680873914,-0.006532237237352217,0.021869360585439996,0.0566526653792705,1650654948.501496
0.03932116056728184,-0.006530583808870407,0.022069817254651524,0.05678541591321769,1650654948.5317497
0.03918797253389884,-0.006532691901682758,0.02237634090718505,0.05724745216053156,1650654948.5612953
0.022554156545877134,0.05739658844207481,0.039285249269455064,-0.006528220424724889,1650654948.5951397
0.02247132606670443,0.056913192965076465,0.03887672448908441,-0.006456110642994282,1650654948.627703
0.022719676843200247,0.05724041276913626,0.0392566736455729,-0.006554216871557685,1650654948.6588602
0.02275071614913437,0.05706651683847509,0.03924889485916982,-0.0065501273912148,1650654948.6910906
0.022969318808223182,0.05729211513755868,0.039129714366503913,-0.006515628772596799,1650654948.7240107
0.023053528101092298,0.057246900105412654,0.03903341355526281,-0.006506187213516529,1650654948.7567573
0.023290437153666774,0.057578111722616364,0.039254124655035055,-0.006546313920176701,1650654948.78709
0.023569494098670683,0.05799960435132093,0.03916355959679603,-0.006518501577198572,1650654948.819655
0.023673341818168825,0.05797065930313991,0.03921922943093913,-0.006527232942882632,1650654948.855583
0.023753625357734474,0.057962912851578494,0.038747932414714435,-0.006475358806809945,1650654948.8877368
0.039157646712466534,-0.006491765673946115,0.022909598238596205,0.05723985817955175,1650654948.9206262
0.02127417106381233,0.056289371700316365,0.03871476743528207,-0.006434923140056922,1650654948.9459505
0.01937784473129272,0.05501903547959948,0.03920874457640467,-0.006530114157649994,1650654948.9783413
0.01758168285932286,0.05366531780469256,0.0392185962363689,-0.006523032255312674,1650654949.0081913
0.015782006363680073,0.0518661573836481,0.039247194894858284,-0.006553310695977728,1650654949.0355237
0.01441948549759803,0.05114649363411757,0.038840613066684244,-0.006487516770507033,1650654949.0660725
0.039160620452808666,-0.006545777276039764,0.012708263662044838,0.04889548118885799,1650654949.1043465
0.011467236368407494,0.04749568650600701,0.03934315585205495,-0.006583006101900292,1650654949.134729
0.010392712964767334,0.04620063326325191,0.03865080725231543,-0.006468522475708708,1650654949.165793
0.010199833110511551,0.04616236992968055,0.039272875950189176,-0.006603612353476116,1650654949.1929083
0.010591018100377478,0.04614794143847041,0.03911153292482152,-0.006542544504657261,1650654949.2330024
0.011158175925523973,0.04724470125094292,0.03878500515216498,-0.0064784125750128,1650654949.272522
0.011557679527913688,0.04770845453677994,0.039334551118297624,-0.006596533579922547,1650654949.3035233
0.011839229330848538,0.04801890291477064,0.03907618267836524,-0.006540030054432537,1650654949.3359458
0.012158288621792492,0.0482766848558294,0.03925485384265327,-0.00655468325718224,1650654949.3733885
0.012493860148095774,0.048435273884015514,0.03921942413382683,-0.006562310410059327,1650654949.403531
0.03901628034326916,-0.006516940321717318,0.012755357037736148,0.048720967973184884,1650654949.4323142
0.013135990498723021,0.04925482027406756,0.039170796619423465,-0.0065296144808153125,1650654949.4683716
0.01345391567264631,0.04950768517044656,0.03920982915771297,-0.006522288243081033,1650654949.500622
0.013715006368080228,0.04979797087211716,0.03891300417057689,-0.006506055171767088,1650654949.5294673
0.03927981316744798,-0.006559434541689479,0.013807871133104343,0.04932294673169443,1650654949.5779934
0.014154685049146003,0.05006767305510993,0.03885244119566224,-0.006481948967974028,1650654949.6135666
0.014559779819352222,0.05091624464391823,0.03911089484239534,-0.006542579643940701,1650654949.6408408
0.014545833527432864,0.05019836422697138,0.03916770032208973,-0.006534892243725053,1650654949.6725729
0.014910647601463094,0.05089500343521365,0.0391749438981796,-0.006561929966008052,1650654949.7067368
0.015204993378618867,0.051309412015921554,0.03886348539644103,-0.006501330456799743,1650654949.7338107
0.015346799920137386,0.051265318969629096,0.039341931070855776,-0.006580728751059052,1650654949.7655392
