1638980703.278404,0.824575,-0.914206
1638980703.3782525,0.824575,-1.411301
1638980703.4984376,-0.340377,-1.411301
1638980703.5783036,-0.340377,-1.411301
1638980703.6982622,-0.340377,-0.951386
1638980703.7984338,0.3384,-0.951386
1638980703.8983662,0.3384,-0.951386
1638980703.978408,1.531842,-1.405844
1638980712.7466447,0.992948,-0.134093
1638980712.8365989,0.992948,-0.134093
1638980712.9268146,0.125306,-0.134093
1638980713.0465782,0.125306,-0.614993
1638980713.136584,0.125306,-0.614993
1638980713.226904,0.125306,-0.614993
1638980713.3465917,0.125306,-1.187359
1638980713.4365861,-1.17155,-1.187359
1638980713.5267737,-2.338263,-1.187359
1638980713.6465733,-1.331979,-1.187359
1638980713.7363193,0.389049,-1.187359
1638980713.8266761,0.389049,-0.576977
1638980713.9466736,0.389049,-0.576977
1638980714.0366924,0.389049,-1.06635
1638980714.1269665,1.055677,-1.06635
1638980714.2465725,2.405888,-1.06635
1638980714.3366313,1.736628,-1.444965
1638980714.4566703,-0.020317,-1.444965
1638980714.5468,-0.020317,-0.95678
1638980714.6367333,1.009608,-0.95678
1638980714.726923,1.009608,-0.95678
1638980714.8478422,-1.215436,-0.95678
1638980714.9666207,-3.113462,-0.95678
1638980715.0268571,-2.282274,-1.504579
1638980715.147093,0.031953,-1.504579
1638980715.2367022,1.388495,-1.087804
1638980715.3566272,1.388495,-1.087804
1638980715.4470437,0.393258,-1.087804
1638980715.5368168,0.393258,-1.087804
1638980715.6270533,0.393258,-1.087804
1638980715.7467632,0.393258,-1.087804
1638980715.8368196,1.042005,-1.087804
1638980715.926869,1.042005,-1.087804
1638980716.0466104,-3.388431,-1.087804
1638980716.136729,-7.676053,-0.498284
1638980716.2271254,-5.136681,-0.498284
1638980716.3466458,0.260775,-1.106811
1638980716.466657,2.696117,-0.65413
1638980716.5271325,2.696117,0.188039
1638980716.6468685,2.696117,-0.243005
1638980716.7368612,1.905612,-1.932509
1638980716.827149,1.905612,-3.087297
1638980716.9466746,1.905612,-2.360131
1638980717.0667295,0.24791,-0.940564
1638980717.1269808,-0.546014,-0.364725
1638980717.2469656,-0.546014,-0.364725
1638980717.3367286,0.444143,-0.984807
1638980717.4569635,2.16321,-0.984807
1638980717.526976,1.459542,-0.984807
1638980717.6269374,-0.332538,-0.984807
1638980717.7266574,-1.0147,-0.984807
1638980717.846672,-1.0147,-0.984807
1638980717.9269297,-1.0147,-0.984807
1638980718.0269253,-0.104283,-0.466521
1638980718.1272748,-0.104283,0.334125
1638980718.226984,-0.104283,-0.128929
1638980718.3271866,-0.104283,-1.047486
1638980718.4267964,-0.937779,-1.047486
1638980718.5267887,-0.937779,-1.494052
1638980718.6269872,-0.937779,-1.494052
1638980718.726991,0.530787,-0.771162
1638980718.8269043,0.530787,-0.018029
1638980718.9270673,0.530787,-0.393067
1638980719.026826,0.530787,-1.294003
1638980719.1267982,0.530787,-1.72778
1638980719.2269819,0.530787,-1.72778
1638980719.3267894,0.530787,-1.72778
1638980719.4270093,-1.479613,-1.72778
1638980719.5271707,-3.170348,-1.72778
1638980719.627181,-2.334581,-1.72778
1638980719.7269776,1.733898,-1.72778
1638980719.8270698,5.290187,-1.72778
1638980719.927028,3.848478,-1.119837
1638980720.0267897,0.925821,-0.54868
1638980720.1272068,0.925821,-0.54868
1638980720.226833,-0.106159,-0.54868
1638980720.327043,-0.106159,-0.54868
1638980720.4270372,-0.106159,-1.030714
1638980720.5270467,-0.106159,-1.030714
1638980720.6270692,-0.106159,-1.030714
1638980720.7270584,-0.106159,-1.030714
1638980720.827014,-0.106159,-1.030714
1638980720.9268436,-1.640135,-1.030714
1638980721.0270405,-2.949813,-1.030714
1638980721.126906,-2.072227,-1.030714
1638980721.2268424,-0.279443,-1.030714
1638980721.327273,-0.279443,-1.030714
1638980721.4271333,-0.279443,-1.030714
1638980721.5270612,-0.279443,-1.578219
1638980721.627058,-0.279443,-1.578219
1638980721.7270808,-0.279443,-0.339149
1638980721.8271482,-0.279443,0.766906
1638980721.9272976,-0.279443,0.214241
1638980722.0272982,-0.279443,-1.005421
1638980722.1270883,-0.279443,-1.005421
1638980722.2273142,-0.279443,-1.005421
1638980722.3278828,-0.279443,-1.005421
1638980722.426992,-1.150659,-1.005421
1638980722.5272028,-0.428113,-1.005421
1638980722.6273797,1.320661,-0.113298
1638980722.7471192,1.320661,-0.581848
1638980722.8279762,-1.290773,-0.581848
1638980722.9279373,-5.123273,-0.581848
1638980723.0468373,-3.350569,0.281867
1638980723.1273882,0.74468,0.834931
1638980723.2270856,2.076897,0.074199
1638980723.3271787,2.076897,-1.254468
1638980723.4271135,2.970735,-1.254468
1638980723.5269513,4.705423,-1.254468
1638980723.6269197,3.199263,0.255462
1638980723.7272086,0.219312,1.988912
1638980723.827217,-0.719757,0.878596
1638980723.927216,-0.719757,-1.459156
1638980724.0270362,0.097533,-2.241165
1638980724.1270337,0.097533,-2.241165
1638980724.2269366,0.097533,-2.241165
1638980724.327115,-1.07546,-1.735155
1638980724.4270515,-2.740923,-1.735155
1638980724.5269885,-1.75694,-1.735155
1638980724.6281996,-0.062712,-1.320069
1638980724.727047,-0.062712,-1.320069
1638980724.8272483,1.24995,-1.320069
1638980724.9271345,3.076017,-0.745428
1638980725.026947,2.344694,-0.745428
1638980725.1268787,0.289002,-0.745428
1638980725.22722,0.289002,-1.34062
1638980725.3271892,5.699916,-4.044026
1638980725.4272423,9.160165,-7.075594
1638980725.52704,5.04984,-8.402386
1638980725.627199,-2.343419,-9.436804
1638980725.7270422,-6.827465,-12.289868
1638980725.8273158,-2.786296,-16.884101
1638980725.927278,1.627267,-21.257267
1638980726.027172,-8.698794,-24.113605
1638980726.127201,-22.435863,-26.210647
1638980726.2270277,-28.354141,-28.759864
1638980726.3272483,-30.291847,-32.39466
1638980726.4273472,-31.675348,-36.395317
1638980726.5270133,-30.379278,-40.44448
1638980726.6270041,-26.009927,-44.372142
1638980726.7274342,-28.052787,-46.667072
1638980726.8274639,-36.877372,-49.355598
1638980726.927323,-42.61893,-54.029525
1638980727.0274775,-38.222572,-59.360038
1638980727.12831,-28.766002,-63.551895
1638980727.2272847,-23.525714,-65.659652
1638980727.3275018,-23.525714,-65.659652
1638980727.4272244,-25.112262,-61.588199
1638980727.5273166,-24.432586,-57.077018
1638980727.6272588,-22.781465,-55.955719
1638980727.7274177,-21.358037,-55.955719
1638980727.8270657,-21.358037,-56.503246
1638980727.9283178,-24.929803,-55.635719
1638980728.027061,-32.72586,-54.506435
1638980728.127357,-37.927433,-56.161727
1638980728.2470338,-37.927433,-58.074199
1638980728.3275087,-34.927085,-58.074199
1638980728.42722,-30.26806,-58.074199
1638980728.527079,-25.755472,-58.074199
1638980728.6274219,-24.244812,-57.120826
1638980728.7273204,-24.244812,-55.974014
1638980728.8268254,-26.008445,-55.974014
1638980728.9271374,-26.008445,-55.441024
1638980729.0270565,-24.421901,-54.707233
1638980729.1272295,-26.43922,-55.693069
1638980729.2275233,-30.183225,-57.934318
1638980729.3273332,-32.143005,-59.286026
1638980729.4274433,-31.478233,-58.678516
1638980729.527319,-29.620189,-57.104839
1638980729.6284955,-28.897731,-55.945098
1638980729.7273066,-15.031278,-40.820785
1638980729.8274527,18.035652,-6.259741
1638980729.9270961,41.486228,18.074531
1638980730.027416,43.676837,20.299114
1638980730.1275065,39.894336,16.356126
1638980730.2273772,38.067642,14.463477
1638980730.3274395,38.067642,14.463477
1638980730.427163,38.067642,14.933669
1638980730.5271375,38.067642,14.933669
1638980730.6284018,38.067642,14.933669
1638980730.7275283,38.067642,14.933669
1638980730.827396,38.067642,14.933669
1638980730.927449,38.067642,14.933669
1638980731.0274522,38.067642,14.933669
1638980731.1469765,38.067642,14.933669
1638980731.227442,38.067642,14.933669
1638980731.3474898,38.067642,14.933669
1638980731.4273717,38.067642,14.933669
1638980731.5274537,38.067642,14.933669
1638980731.627477,38.067642,14.933669
1638980731.7471273,38.067642,14.933669
1638980731.8273692,38.067642,14.933669
1638980731.9274697,38.067642,14.933669
1638980732.0271242,38.067642,14.933669
1638980732.1274734,38.067642,14.933669
1638980732.227472,38.067642,14.933669
1638980732.3271153,38.067642,14.933669
1638980732.42747,38.067642,14.933669
1638980732.527452,38.067642,14.933669
1638980732.6273887,38.067642,14.933669
1638980732.7274325,38.067642,14.933669
1638980732.827448,38.067642,14.933669
1638980732.927355,38.067642,14.933669
1638980733.027423,38.067642,14.933669
1638980733.1274252,38.067642,14.933669
1638980733.2273643,38.067642,14.933669
1638980733.3274095,38.067642,14.933669
1638980733.4274073,38.067642,14.933669
1638980733.5273938,38.067642,14.933669
1638980733.6273913,38.067642,14.933669
1638980733.7275472,38.067642,14.933669
1638980733.8272815,38.067642,14.933669
1638980733.9274986,38.067642,14.933669
1638980734.0274162,38.067642,14.933669
1638980734.1273768,38.067642,14.933669
1638980734.227433,38.067642,14.933669
1638980734.327498,38.067642,14.933669
1638980734.4271798,38.067642,14.933669
1638980734.5274484,38.067642,14.933669
1638980734.6274514,38.067642,14.933669
1638980734.7274652,38.067642,14.933669
1638980734.8275044,38.067642,14.933669
1638980734.9274487,38.067642,14.933669
1638980735.0271451,38.067642,14.933669
1638980735.1271663,38.067642,14.933669
1638980735.2270193,38.067642,14.933669
1638980735.3273125,38.067642,14.933669
1638980735.4271996,38.067642,14.933669
1638980735.5273829,38.067642,14.933669
1638980735.6471765,38.067642,14.933669
1638980735.7274067,38.067642,14.933669
1638980735.8275387,38.067642,14.933669
1638980735.9274511,38.067642,14.933669
1638980736.0272021,38.067642,14.933669
1638980736.127375,38.067642,14.933669
1638980736.2274573,38.067642,14.933669
1638980736.327507,38.067642,14.933669
1638980736.4275784,38.067642,14.933669
1638980736.527426,38.067642,14.933669
1638980736.6275396,38.067642,14.933669
1638980736.727563,38.067642,14.933669
1638980736.827501,38.067642,14.933669
1638980736.94701,38.067642,14.933669
1638980737.0275385,38.067642,14.933669
1638980737.1272192,38.067642,14.933669
1638980737.2275436,38.067642,14.933669
1638980737.327566,38.067642,14.933669
1638980737.4275806,38.067642,14.933669
1638980737.5275912,38.067642,14.933669
1638980737.6273441,38.067642,14.933669
1638980737.7273524,38.067642,14.933669
1638980737.827122,38.067642,14.933669
1638980737.9276345,38.067642,14.933669
1638980738.027299,38.067642,14.933669
1638980738.1273859,38.067642,14.933669
1638980738.2476335,38.067642,14.933669
1638980738.3273637,38.067642,14.933669
1638980738.4273856,38.067642,14.933669
1638980738.5276551,38.067642,14.933669
1638980738.6275084,38.067642,14.933669
1638980738.7276578,38.067642,14.933669
1638980738.8271928,38.067642,14.933669
1638980738.9273667,38.067642,14.933669
1638980739.027231,38.067642,14.933669
1638980739.1273892,38.067642,14.933669
1638980739.2276287,38.067642,14.933669
1638980739.3276806,38.067642,14.933669
1638980739.427621,38.067642,14.933669
1638980739.5273929,38.067642,14.933669
1638980739.627678,38.067642,14.933669
1638980739.7276967,38.067642,14.933669
1638980739.8275208,38.067642,14.933669
1638980739.9276435,38.067642,14.933669
1638980740.027329,38.067642,14.933669
1638980740.1273594,38.067642,14.933669
1638980740.22762,38.067642,14.933669
1638980740.3276308,38.067642,14.933669
1638980740.4276068,38.067642,14.933669
1638980740.527665,38.067642,14.933669
1638980740.6275973,38.067642,14.933669
1638980749.3155508,38.580001,15.0
1638980749.4057415,29.697273,9.635582
1638980749.5257516,8.68261,-2.906103
1638980749.6156473,-8.749926,-11.627029
1638980749.7054949,-13.932479,-12.146871
1638980749.8254855,-7.419833,-10.171329
1638980749.9145875,1.85423,-8.613287
1638980750.0054975,1.85423,-7.519023
1638980750.1254597,-1.380408,-6.582167
1638980750.2156465,-0.732264,-5.375426
1638980750.3055391,2.249453,-4.105914
1638980750.4255083,4.477904,-2.982252
1638980750.5157022,5.63069,-2.12812
1638980750.6355503,2.565316,-2.12812
1638980750.7255507,-3.915254,-3.090121
1638980750.815496,-8.009303,-3.090121
1638980750.9055574,-6.352098,-2.185939
1638980751.0255268,-2.314725,-1.110446
1638980751.1145616,1.27676,0.758456
1638980751.2048197,3.76421,2.506948
1638980751.3245344,2.94242,1.799432
1638980751.4157157,-0.728997,-0.140661
1638980751.5055168,-3.867345,-1.290336
1638980751.6255174,-3.867345,-1.737119
1638980751.715534,-2.739373,-1.737119
1638980751.80576,0.946584,-1.085807
1638980751.925527,5.186437,-1.085807
1638980752.0155342,4.321277,-1.085807
1638980752.1058,1.004626,-1.085807
1638980752.2255285,-0.533049,0.070324
1638980752.3155746,-0.533049,1.67785
1638980752.405543,-0.533049,1.119444
1638980752.5060172,-0.533049,-0.471661
1638980752.6059275,-0.533049,-1.177824
1638980752.7056592,-0.533049,-1.177824
1638980752.8061495,-0.533049,-1.177824
1638980752.905887,0.591274,-1.846396
1638980753.005927,1.729917,-1.846396
1638980753.105951,0.747614,-0.622446
1638980753.2050653,-1.133389,0.834085
1638980753.3053627,-1.133389,-0.170248
1638980753.4061265,-2.054885,-2.196742
1638980753.5057147,-2.054885,-2.836071
1638980753.6058683,-2.722899,-2.836071
1638980753.7060678,-2.722899,-2.836071
1638980753.805495,-1.419271,-2.145442
1638980753.905637,0.596661,-1.629008
1638980754.0061693,0.596661,-1.208257
1638980754.1057398,0.596661,-1.208257
1638980754.2054908,0.596661,-1.208257
1638980754.3059154,0.596661,-1.208257
1638980754.4057295,0.596661,-1.208257
1638980754.505797,0.596661,-1.208257
1638980754.6062584,0.596661,-1.208257
1638980754.705796,0.596661,-1.208257
1638980754.8057015,-0.085474,-1.208257
1638980754.90598,-1.018377,-1.208257
1638980755.0049543,-1.018377,-1.208257
1638980755.10597,0.312172,-0.260596
1638980755.2062361,0.312172,-0.67929
1638980755.3057988,0.312172,-1.50236
1638980755.4257908,0.312172,-1.50236
1638980755.505992,-0.593195,-1.87889
1638980755.6057267,-1.709946,-1.87889
1638980755.7059937,1.401958,-1.87889
1638980755.8062713,6.190835,-0.788193
1638980755.9057167,4.860612,-0.788193
1638980756.005704,3.555846,-1.700289
1638980756.1062756,5.899375,-2.378908
1638980756.205752,3.69192,-2.378908
1638980756.305946,-1.119184,-1.24638
1638980756.4062765,-2.946256,-1.24638
1638980756.5057647,0.267753,-1.24638
1638980756.6057172,4.992706,-1.24638
1638980756.7056675,3.062658,-0.630728
1638980756.8058112,-1.821698,0.513418
1638980756.905817,-3.447908,0.124409
1638980757.0060441,-4.188218,-0.659755
1638980757.1058168,-4.965202,-0.659755
1638980757.205714,-3.554955,-0.659755
1638980757.3062599,-1.32098,-1.298339
1638980757.4057696,-0.489358,-1.298339
1638980757.5057828,-0.489358,-1.298339
1638980757.6060078,0.370393,-1.298339
1638980757.7058754,0.370393,-1.298339
1638980757.8060372,-0.450321,-1.298339
1638980757.9063082,-0.450321,-1.298339
1638980758.0058918,-0.450321,-0.066087
1638980758.1059008,-0.450321,-0.066087
1638980758.206289,-0.450321,-2.90931
1638980758.3050237,-0.450321,-5.712848
1638980758.4057589,-0.450321,-4.741619
1638980758.5060763,-0.450321,-2.957428
1638980758.6059337,2.085595,-4.245779
1638980758.7060194,2.085595,-6.775453
1638980758.8060296,-1.401289,-8.116406
1638980758.9057517,-3.711138,-9.0752
1638980759.0058072,-6.061336,-11.137422
1638980759.10629,-11.674307,-14.529497
1638980759.2056563,-18.767313,-18.681068
1638980759.30602,-24.249137,-21.792598
1638980759.406323,-26.396795,-24.501804
1638980759.5260785,-25.237014,-27.914756
1638980759.6059427,-25.237014,-31.187238
1638980759.7060523,-29.778102,-32.822383
1638980759.806069,-34.134944,-34.315738
1638980759.9059467,-35.373538,-36.406532
1638980760.0063303,-36.663322,-39.297805
1638980760.1059678,-34.705772,-46.986701
1638980760.2058907,-28.367002,-56.7565
1638980760.306334,-23.211847,-62.724643
1638980760.4059036,-22.133029,-63.907798
1638980760.5259302,-23.549089,-62.600204
1638980760.6063561,-23.549089,-63.497566
1638980760.7059023,-22.456125,-65.489257
1638980760.8059187,-22.456125,-61.372596
1638980760.9061418,-25.974159,-54.532699
1638980761.0059133,-29.726102,-53.087242
1638980761.1060178,-30.40483,-55.901702
1638980761.2061107,-28.982864,-58.444831
1638980761.306008,-28.05055,-57.981365
1638980761.4059803,-28.05055,-56.053314
1638980761.5062087,-28.05055,-55.063648
1638980761.6059828,-28.915657,-54.591327
1638980761.7060697,-31.212005,-54.591327
1638980761.8061335,-34.412506,-54.591327
1638980761.9057457,-33.061813,-56.929653
1638980762.0060027,-29.868883,-58.185974
1638980762.106133,-28.156538,-56.779048
1638980762.206128,-26.903764,-55.48542
1638980762.3061054,-26.253131,-55.089225
1638980762.4064121,-27.519866,-55.748069
1638980762.5261395,-29.717571,-57.448944
1638980762.6060612,-30.69672,-57.448944
1638980762.7061603,-30.69672,-56.786117
1638980762.805959,-28.854772,-56.786117
1638980762.9060285,-26.878471,-56.296958
1638980763.0061474,-24.911628,-53.293006
1638980763.1060016,-22.504714,-51.294258
1638980763.2059867,-25.669746,-55.017112
1638980763.3260798,-33.287788,-59.142021
1638980763.4261503,-36.031005,-60.818447
1638980763.5260665,-34.000568,-61.356445
1638980763.6260743,-32.821018,-59.914924
1638980763.7260637,-31.595602,-57.645298
1638980763.8260987,-28.003299,-55.917228
1638980763.9260855,-26.085636,-55.917228
1638980764.0261102,-27.757362,-58.9659
1638980764.146067,-31.249406,-59.880767
1638980764.22596,-33.607135,-56.270683
1638980764.3260765,-28.398532,-55.56121
1638980764.4260936,-21.130781,-57.114658
1638980764.5260847,-24.446043,-58.205268
1638980764.6261513,-32.531822,-58.836654
1638980764.7261567,-33.882663,-57.796112
1638980764.8260221,-30.930654,-57.070098
1638980764.9261727,-27.906662,-56.603725
1638980765.0261974,-25.781654,-55.852169
1638980765.1260293,-26.933414,-56.634075
1638980765.226153,-31.153886,-57.839981
1638980765.3263097,-34.44712,-57.839981
1638980765.4261887,-36.58926,-58.379028
1638980765.5260417,-37.798584,-58.379028
1638980765.6261578,-32.703899,-56.35852
1638980765.7260618,-25.030689,-54.663909
1638980765.8261952,-22.33778,-56.305938
1638980765.926128,-23.750085,-58.464607
1638980766.0261416,-26.393199,-59.323242
1638980766.1262114,-24.43683,-57.929981
1638980766.226167,-20.207757,-56.472351
1638980766.3260603,-24.291307,-57.901077
1638980766.425872,-31.999557,-58.796768
1638980766.5259914,-34.720771,-59.980899
1638980766.6261597,-33.942989,-61.046775
1638980766.726177,-32.284255,-60.555164
1638980766.8261561,-30.711193,-60.555164
1638980766.9260695,-29.558136,-60.555164
1638980767.026106,-29.558136,-58.832061
1638980767.1261704,-29.558136,-57.745204
1638980767.2461023,-29.558136,-57.366889
1638980767.3462346,-28.733047,-56.810516
1638980767.4260595,-28.733047,-56.810516
1638980767.5260751,-29.498228,-61.510581
1638980767.626155,-30.932012,-67.072692
1638980767.7261057,-30.932012,-62.380699
1638980767.846006,-28.947273,-55.302024
1638980767.926148,-26.130601,-51.900802
1638980768.026086,-25.098648,-51.900802
1638980768.126248,-26.812965,-55.509006
1638980768.2261832,-30.828041,-57.822616
1638980768.3262224,-34.109546,-58.888629
1638980768.4261215,-33.340507,-59.763923
1638980768.546102,-30.720224,-58.944213
1638980768.6265643,-28.922956,-57.879241
1638980768.7261138,-27.941753,-57.879241
1638980768.8261886,-27.941753,-56.268089
1638980768.9261281,-29.001785,-54.752784
1638980769.0261753,-29.001785,-56.816429
1638980769.126363,-29.001785,-59.652568
1638980769.2264512,-29.001785,-59.652568
1638980769.3261573,-29.001785,-58.406883
1638980769.4261315,-29.001785,-58.406883
1638980769.526225,-27.811981,-58.406883
1638980769.6460743,-27.146802,-55.691154
1638980769.726167,-27.146802,-53.434673
1638980774.309203,38.580001,15.0
1638980774.3994908,38.580001,15.0
1638980774.4894357,38.580001,15.0
1638980774.6091824,38.580001,15.0
1638980774.6993198,38.580001,15.0
1638980774.789405,38.580001,15.0
1638980774.9092155,38.580001,15.0
1638980774.9994044,38.580001,15.0
1638980775.0894277,38.580001,15.0
1638980775.2091823,38.580001,15.0
1638980775.299478,38.580001,15.0
1638980775.38946,38.580001,15.0
1638980775.5092268,38.580001,15.0
1638980775.5991836,38.580001,15.0
1638980775.6894476,38.580001,15.0
1638980775.8092406,38.580001,15.0
1638980775.899234,38.580001,15.0
1638980775.9893842,38.580001,15.0
1638980776.1091979,38.580001,15.0
1638980776.1994276,38.580001,15.0
1638980776.2894166,38.580001,15.0
1638980776.409194,38.580001,15.0
1638980776.4995136,38.580001,15.0
1638980776.5894854,38.580001,15.0
1638980776.7091935,38.580001,15.0
1638980776.7994668,38.580001,15.0
1638980819.7407157,38.580001,15.0
1638980819.8303745,31.100244,10.027746
1638980819.9207902,14.381254,-1.584695
1638980820.040278,2.553297,-9.661392
1638980820.1303065,-3.740425,-10.362371
1638980820.220394,-8.291012,-8.725157
1638980820.340317,-5.643665,-7.280877
1638980820.430279,-0.41217,-6.307647
1638980820.5204937,1.417701,-5.67889
1638980820.6403213,1.417701,-5.172333
1638980820.7303915,1.417701,-4.624114
1638980820.8204794,0.654523,-4.624114
1638980820.9403284,0.654523,-5.183477
1638980821.0603657,0.654523,-5.183477
1638980821.1204545,0.654523,-4.338557
1638980821.240821,0.654523,-2.909201
1638980821.360327,-0.318851,-2.909201
1638980821.420397,-1.052947,-3.59843
1638980821.5407205,-1.052947,-3.59843
1638980821.6304595,0.319739,-3.59843
1638980821.7204332,0.319739,-3.59843
1638980821.8403451,1.541935,-3.025726
1638980821.9304452,2.477781,-2.456609
1638980822.0205538,0.763101,-2.456609
1638980822.1404212,-2.071064,-2.456609
1638980822.230467,-2.071064,-2.456609
1638980822.3204126,1.399243,-0.871323
1638980822.4393713,3.787584,0.506471
1638980822.5305073,4.529284,-0.111855
1638980822.6205332,4.529284,-1.573603
1638980822.7403615,2.112802,-2.074987
1638980822.830417,-0.985445,-1.359153
1638980822.9205909,-1.649539,-0.400947
1638980823.0204916,-1.649539,-0.400947
1638980823.1206315,-0.578414,-1.261594
1638980823.2205153,-0.578414,-1.261594
1638980823.3206239,-1.268391,-1.654193
1638980823.4205902,0.417208,-1.277628
1638980823.5604653,2.91793,-0.801809
1638980823.620755,2.91793,-1.251653
1638980823.7204797,2.91793,-2.038782
1638980823.8204331,-0.265423,-2.038782
1638980823.9206057,-4.305302,-2.038782
1638980824.0205197,-8.943995,-2.038782
1638980824.120576,-13.229204,-1.453073
1638980824.2404823,-9.047927,-0.769687
1638980824.3210464,-1.392196,-0.130607
1638980824.4206214,3.432296,-0.130607
1638980824.5206733,5.807972,0.512434
1638980824.6199925,2.918588,0.917838
1638980824.7206104,-1.78553,0.917838
1638980824.820749,-0.675098,0.917838
1638980824.9196239,3.321194,0.917838
1638980825.0195577,4.605398,0.917838
1638980825.1207023,4.605398,-0.008141
1638980825.2205617,2.936491,-0.733616
1638980825.3206038,1.994037,-0.733616
1638980825.4207113,1.994037,-0.733616
1638980825.5204878,0.726846,-0.733616
1638980825.6206107,-0.152771,-0.733616
1638980825.7205005,-0.152771,-0.733616
1638980825.8205035,-0.152771,-0.733616
1638980825.9206078,-0.152771,-0.733616
1638980826.0207744,-0.152771,-0.733616
1638980826.1205492,-0.152771,-0.733616
1638980826.2205966,-0.152771,0.476508
1638980826.3207042,0.53583,1.999794
1638980826.4198625,0.53583,0.926479
1638980826.52056,0.53583,-1.032063
1638980826.6405442,0.53583,-1.865167
1638980826.7405508,0.53583,-1.865167
1638980826.8206854,1.807726,-2.257484
1638980826.9205818,3.204391,-2.257484
1638980827.0205648,2.399135,-1.813735
1638980827.1205251,0.665856,-1.009747
1638980827.2205296,-0.514294,-1.009747
1638980827.3205702,-1.258513,-1.470996
1638980827.4205112,-1.258513,-1.470996
1638980827.520525,-1.258513,-1.470996
1638980827.620596,-0.517978,-1.470996
1638980827.7205386,-0.517978,-1.05899
1638980827.8206098,0.594409,-0.461267
1638980827.9205484,0.594409,-0.461267
1638980828.0206544,1.328287,-0.461267
1638980828.1206741,1.328287,0.219277
1638980828.2196672,1.328287,1.112532
1638980828.3196926,1.328287,0.145463
1638980828.4206498,1.328287,-1.703706
1638980828.5206184,0.66941,-2.352586
1638980828.6408765,0.66941,-1.717067
1638980828.7206495,0.66941,-0.803229
1638980828.8407798,-0.096228,-0.803229
1638980828.9205713,-0.096228,-1.930597
1638980829.0408928,-1.625224,-1.930597
1638980829.1206172,-2.626331,-1.930597
1638980829.220567,-1.374496,-1.930597
1638980829.3205643,2.46364,-1.305222
1638980829.4205601,5.288831,-0.64915
1638980829.5206096,5.288831,-0.64915
1638980829.620596,5.288831,-1.418129
1638980829.7206156,2.393663,-1.418129
1638980829.8206034,-0.666194,-2.348569
1638980829.9206314,-1.520149,-3.301436
1638980830.020731,-1.520149,-2.687014
1638980830.120517,-0.634086,-1.455163
1638980830.2207205,-0.634086,-0.834623
1638980830.3205476,-0.634086,-0.834623
1638980830.4208364,0.031664,-0.834623
1638980830.5206683,1.908759,-0.834623
1638980830.620717,1.908759,-1.266343
1638980830.7205868,0.053656,-1.66773
1638980830.8205948,0.053656,-1.66773
1638980830.9206078,0.053656,-1.048921
1638980831.020462,0.053656,-1.048921
1638980831.120585,0.053656,-1.048921
1638980831.2207198,0.053656,-1.048921
1638980831.3206592,-0.743636,-1.048921
1638980831.4206057,-1.958925,-1.048921
1638980831.5206532,-1.958925,-1.048921
1638980831.640587,-1.224534,-1.048921
1638980831.7217653,-0.054441,-1.048921
1638980831.8409214,-2.959855,-1.048921
1638980831.9206824,-8.13116,-1.048921
1638980832.0206964,-1.86889,-1.048921
1638980832.1205473,9.294537,-1.887757
1638980832.220684,9.294537,-1.887757
1638980832.3206732,2.957171,-0.34525
1638980832.4256377,-1.105455,0.278814
1638980832.5207396,-0.406442,-1.383498
1638980832.6207194,4.40802,-4.046898
1638980832.7207232,4.40802,-5.848194
1638980832.8206055,1.732105,-7.100997
1638980832.9207165,0.866447,-7.637275
1638980833.0207498,-0.351062,-8.229208
1638980833.1205904,-3.711354,-10.139142
1638980833.2207105,-5.44521,-12.07011
1638980833.3207073,-5.44521,-13.063265
1638980833.440671,-7.103651,-14.383573
1638980833.520702,-9.148063,-16.526451
1638980833.6206818,-9.148063,-18.478336
1638980833.720723,-14.434176,-20.324451
1638980833.8207397,-21.377885,-22.367382
1638980833.9207056,-23.378337,-22.367382
1638980834.0206814,-25.356277,-20.126867
1638980834.120485,-32.262035,-20.610294
1638980834.220392,-38.145717,-23.355743
1638980834.3206897,-39.988739,-25.050243
1638980834.420757,-42.165889,-26.576744
1638980834.520783,-46.776924,-28.823093
1638980834.620694,-50.486881,-30.395198
1638980834.7207327,-53.246143,-30.947793
1638980834.8208218,-57.490867,-31.536489
1638980834.9208238,-60.901664,-31.536489
1638980835.0207453,-62.559505,-31.536489
1638980835.12068,-62.559505,-29.638286
1638980835.2206898,-61.17543,-27.983211
1638980835.3206975,-59.117893,-27.345382
1638980835.4207153,-57.459728,-27.345382
1638980835.5207314,-57.459728,-27.345382
1638980835.6207721,-58.602413,-27.901245
1638980835.720724,-57.855056,-28.322128
1638980835.8207233,-56.351291,-28.322128
1638980835.9207954,-56.351291,-28.812572
1638980836.0208297,-56.351291,-28.812572
1638980836.1207283,-57.893497,-29.217332
1638980836.220834,-56.709655,-29.217332
1638980836.320791,-54.555965,-29.217332
1638980836.4207883,-56.64014,-29.217332
1638980836.5208135,-58.645591,-29.782886
1638980836.6207893,-55.242809,-30.371196
1638980836.7207491,-51.318054,-30.371196
1638980836.8208117,-50.550666,-30.371196
1638980836.9208155,-54.472499,-30.371196
1638980837.020745,-59.741298,-30.371196
1638980837.1207821,-61.094646,-29.224405
1638980837.2208738,-59.840786,-28.630977
1638980837.3207877,-58.531337,-28.630977
1638980837.420853,-58.531337,-28.630977
1638980837.5208552,-58.531337,-28.630977
1638980837.620842,-59.259235,-28.630977
1638980837.7208366,-59.259235,-29.268545
1638980837.8208475,-58.171741,-29.268545
1638980837.9208727,-56.036151,-29.268545
1638980838.0208926,-56.036151,-29.268545
1638980838.1208272,-56.865596,-29.268545
1638980838.2206697,-57.668788,-30.204387
1638980838.320859,-57.668788,-29.688381
1638980838.420877,-57.668788,-28.17934
1638980838.5408838,-58.821361,-28.729789
1638980838.620896,-57.660938,-29.412666
1638980838.7208362,-53.497158,-29.024654
1638980838.820838,-53.497158,-29.024654
1638980838.920894,-57.122909,-30.854547
1638980839.020847,-56.412017,-32.243267
1638980839.1208293,-54.953834,-31.53309
1638980839.2208314,-55.882465,-30.175666
1638980839.3208323,-57.623565,-30.175666
1638980839.42084,-58.433773,-30.175666
1638980839.5209045,-58.433773,-29.762218
1638980839.6209068,-58.433773,-29.238986
1638980839.7208042,-57.699459,-29.238986
1638980839.8408484,-57.699459,-29.238986
1638980839.9411504,-56.23125,-28.542152
1638980840.0211098,-54.780281,-28.015726
1638980840.1209564,-56.077869,-30.002489
1638980840.2209406,-59.506305,-32.737617
1638980840.3209324,-64.063911,-31.18543
1638980840.4209535,-67.924171,-27.258504
1638980840.5208447,-66.083938,-26.421197
1638980840.6208851,-58.811981,-29.088481
1638980840.7212393,-52.359241,-30.906206
1638980840.8211074,-53.939033,-30.300331
1638980840.921002,-58.600605,-30.300331
1638980841.040933,-57.08337,-31.144573
1638980841.1209059,-56.398555,-30.553039
1638980841.2208307,-59.339855,-29.491245
1638980841.3209417,-59.339855,-28.880647
1638980841.4210625,-56.772956,-28.880647
1638980841.5209138,-55.81398,-28.880647
1638980841.6209762,-55.81398,-28.880647
1638980841.7210307,-55.81398,-29.314601
1638980841.8210797,-56.760368,-29.744663
1638980841.920972,-58.244167,-29.744663
1638980842.021053,-59.628517,-29.744663
1638980842.1208944,-59.628517,-29.744663
1638980842.22093,-53.477973,-26.675325
1638980842.32084,-47.275306,-22.618543
1638980842.421074,-51.187191,-26.926017
1638980842.5209746,-60.77087,-35.552864
1638980842.6209776,-65.455665,-39.286773
1638980842.7210088,-64.471725,-38.226844
1638980842.8210175,-61.613472,-36.67311
1638980842.92124,-60.749931,-34.863746
1638980843.021251,-62.252368,-32.131866
1638980843.1210766,-63.267211,-30.731067
1638980843.2207637,-61.01527,-29.968894
1638980843.3412788,-58.448596,-28.150814
1638980843.4209464,-58.448596,-26.945575
1638980843.5219915,-57.254737,-26.945575
1638980843.6210504,-56.489772,-26.08909
1638980843.7210052,-56.489772,-24.789739
1638980843.8210127,-57.48291,-26.564964
1638980843.9209523,-58.583545,-29.257076
1638980844.021038,-59.355091,-29.63314
1638980844.120951,-59.355091,-31.534992
1638980844.2209978,-59.355091,-35.872756
1638980844.3209484,-59.355091,-35.872756
1638980844.4210587,-58.563804,-32.781494
1638980844.5211105,-57.476829,-31.241092
1638980844.6210105,-55.895328,-31.241092
1638980844.7210152,-57.972744,-29.51662
1638980844.8213134,-42.870235,-17.197475
1638980844.9200284,4.874471,4.116327
1638980845.0213463,42.074119,17.282955
1638980845.121194,46.471244,17.974807
1638980845.2213035,40.811824,15.652236
1638980845.32136,37.859493,14.658505
1638980845.4212923,37.859493,14.658505
1638980845.5212328,37.859493,14.658505
1638980845.6211724,38.673812,15.039759
1638980845.7210615,38.673812,15.039759
1638980845.8211963,38.673812,15.039759
1638980845.921324,38.673812,15.039759
1638980846.0213413,38.673812,15.039759
1638980846.121135,38.673812,15.039759
1638980846.2214556,38.673812,15.039759
1638980846.321421,38.673812,15.039759
1638980846.4212046,38.673812,15.039759
1638980846.52124,38.673812,15.039759
1638980846.6213162,38.673812,15.039759
1638980846.7213051,38.673812,15.039759
1638980846.821431,38.673812,15.039759
1638980846.9213204,38.673812,15.039759
1638980847.021325,38.673812,15.039759
1638980847.1213624,38.673812,15.039759
1638980847.2214086,38.673812,15.039759
1638980847.321272,38.673812,15.039759
1638980847.4213908,38.673812,15.039759
1638980847.5210578,38.673812,15.039759
1638980847.6212606,38.673812,15.039759
