0.0634462833404541,-4.826931,6.829
0.1534271240234375,-4.826931,6.829
0.2434372901916504,-4.826931,6.829
0.3634450435638428,-5.735908,6.829
0.45345211029052734,-7.624956,6.829
0.5434532165527344,-8.897686,6.829
0.6634726524353027,-10.11207,6.829
0.7534964084625244,-10.11207,6.28
0.8464815616607666,-8.772959,5.4495
0.9634592533111572,-8.006646,5.4495
1.0534777641296387,-11.505805,5.4495
1.1434822082519531,-11.505805,5.4495
1.263489007949829,-5.530041,7.8036
1.3535187244415283,-3.513683,6.3035
1.443483829498291,-5.430951,2.1762
1.5635247230529785,-4.79326,-0.7683
1.6535069942474365,-2.894771,-2.8345
1.7435760498046875,3.812126,-1.0096
1.863570213317871,11.041726,2.8555
1.9606263637542725,7.270301,0.6891
2.043597459793091,-1.469117,-4.2885
2.16361403465271,-5.247482,-5.9232
2.2536683082580566,-5.247482,-5.2294
2.3436439037323,-5.247482,-4.6529
2.463597536087036,-7.431239,-4.6529
2.5536623001098633,-8.3543,-4.6529
2.6436498165130615,-8.3543,-4.6529
2.753671169281006,-8.3543,-3.9363
2.853675603866577,-8.3543,-3.9363
2.953655958175659,-8.3543,-3.2656
3.053678035736084,-8.3543,-3.2656
3.1536874771118164,-8.3543,-2.4377
3.2536964416503906,-8.3543,-2.4377
3.353698492050171,-8.3543,-1.7255
3.453688859939575,-8.3543,-1.7255
3.553687334060669,-8.3543,-0.9529
3.6536593437194824,-8.3543,-0.9529
3.753706932067871,-8.3543,-0.3673
3.8537099361419678,-8.3543,-0.3673
3.953721523284912,-8.3543,-0.3673
4.053731203079224,-8.3543,0.3528
4.153676748275757,-8.3543,0.3528
4.253685712814331,-8.3543,0.8798
4.353726387023926,-8.3543,0.8798
4.4537129402160645,-7.709596,0.8798
4.553758382797241,-7.709596,1.5567
4.653753757476807,-7.709596,1.5567
4.752821922302246,-7.709596,1.5567
4.85373330116272,-7.709596,2.2125
4.953728199005127,-7.709596,2.2125
5.05371880531311,-7.709596,2.2125
5.153711318969727,-7.709596,2.2125
5.264769077301025,-7.709596,2.9146
5.353719234466553,-8.634872,2.9146
5.453813076019287,-10.557518,0.8207
5.553766250610352,-8.926738,-1.6429
5.653772830963135,-3.851925,-2.4289
5.753769159317017,0.198804,-2.4289
5.853769063949585,0.198804,-4.483
5.953741788864136,0.198804,-6.3284
6.06484055519104,0.198804,-7.3591
6.153833866119385,0.198804,-8.5186
6.253789663314819,2.477588,-9.1965
6.353793621063232,4.403327,-9.8296
6.453780651092529,2.64381,-11.1806
6.553776025772095,0.262412,-12.1046
6.653844594955444,-0.886728,-11.1877
6.753826379776001,-3.539948,-9.2291
6.85387396812439,-9.445019,-6.2584
6.963866472244263,-14.976474,-1.9471
7.053876876831055,-17.918716,0.6555
7.153895139694214,-20.450943,-0.7511
7.273938894271851,-23.939014,-6.4384
7.353942155838013,-23.939014,-11.8922
7.4538750648498535,-21.015911,-13.434
7.553882360458374,-24.765062,-16.2707
7.653955936431885,-32.364364,-21.8944
7.7539567947387695,-37.113258,-26.2704
7.853928804397583,-39.574646,-27.6031
7.953919410705566,-41.362003,-26.4218
8.053935289382935,-42.581104,-24.2306
8.153974294662476,-43.788917,-21.7866
8.253954648971558,-44.436767,-19.9956
8.353990316390991,-43.852657,-19.032
8.453987836837769,-42.789535,-18.106
8.553993463516235,-41.730606,-17.0624
8.65398645401001,-40.800376,-15.968
8.753990650177002,-39.810157,-14.9022
8.854010105133057,-38.67918,-13.9422
8.955008029937744,-37.587982,-12.9427
9.054019927978516,-36.512371,-11.8955
9.154012203216553,-35.348007,-10.9605
9.25370717048645,-34.16114,-10.1494
9.354015588760376,-33.030025,-9.3316
9.454022645950317,-31.963941,-8.4262
9.554025650024414,-30.930986,-7.5445
9.65403437614441,-29.990922,-6.7741
9.754038095474243,-29.092044,-6.0159
9.854040622711182,-28.116819,-5.2098
9.954004526138306,-27.172018,-4.4812
10.0540611743927,-26.233402,-3.8638
10.154064893722534,-25.311122,-3.2174
10.254141569137573,-24.533752,-2.5751
10.354095458984375,-24.533752,-1.1779
10.45409083366394,-25.796419,1.767
10.554126501083374,-29.05446,5.0814
10.654124021530151,-31.399047,8.1621
10.766092777252197,-32.221138,8.1621
10.854108810424805,-37.375564,-0.4074
10.954110383987427,-44.822593,-11.6486
11.05415964126587,-49.767009,-20.4327
11.154103994369507,-54.271595,-28.0619
11.25411081314087,-55.021335,-35.6846
11.354108572006226,-49.153266,-41.0496
11.45410704612732,-46.144302,-43.5575
11.554192781448364,-52.144924,-47.3356
11.654191970825195,-60.928325,-54.4471
11.75419282913208,-66.454353,-61.6698
11.854198217391968,-67.463508,-65.6594
11.954211235046387,-66.40747,-66.268
12.054201126098633,-66.40747,-66.268
12.174213409423828,-66.40747,-64.9161
12.254181385040283,-64.882171,-62.2886
12.354172468185425,-62.217742,-61.2652
12.454170227050781,-61.281513,-63.3281
12.554191827774048,-62.94482,-66.3759
12.654235601425171,-66.844581,-69.1771
12.754246950149536,-71.14846,-72.3407
12.854239225387573,-72.675636,-75.4853
12.954237699508667,-71.17649,-75.4853
13.054219245910645,-70.543602,-72.5826
13.15421986579895,-70.543602,-69.7478
13.254241466522217,-70.543602,-68.1781
13.354265689849854,-69.383415,-66.9399
13.459307432174683,-68.350845,-65.4302
13.554272174835205,-67.355834,-63.7673
13.654276609420776,-66.316505,-62.1987
13.754275560379028,-65.240097,-60.6155
13.85430121421814,-64.225387,-58.8745
13.95431137084961,-63.280738,-57.1389
14.054323196411133,-62.356582,-55.5581
14.15432858467102,-61.392925,-54.0701
14.254326581954956,-60.410659,-52.5739
14.355380296707153,-59.495948,-51.0625
14.45430064201355,-58.583175,-49.5959
14.554310083389282,-57.584499,-48.1916
14.654337882995605,-56.567058,-46.8258
14.754323482513428,-55.619525,-45.4255
14.854324340820312,-54.734855,-44.0171
14.95432996749878,-53.846397,-42.7223
15.054327726364136,-52.944213,-41.4404
15.154340505599976,-52.077732,-40.1229
15.254380226135254,-51.260478,-38.8811
15.354374408721924,-50.454429,-37.662
15.454350233078003,-49.662891,-36.5097
15.554395914077759,-48.874523,-35.4813
15.654443264007568,-47.830997,-35.4813
15.754414796829224,-45.765361,-35.4813
15.854401588439941,-43.985687,-32.5254
16.05442237854004,-51.938529,-12.6073
16.15441370010376,-59.827903,-8.6653
16.254453897476196,-65.247642,-12.3017
16.35448169708252,-65.247642,-21.3677
16.454455375671387,-58.931816,-30.2488
16.55442786216736,-55.339496,-38.6081
16.655534029006958,-57.570301,-42.4882
16.754437923431396,-59.01136,-42.4882
16.854485750198364,-55.805122,-46.8751
16.95448112487793,-50.042324,-55.7116
17.0554461479187,-43.457698,-65.5744
17.25445795059204,-32.087261,-74.5031
17.35446310043335,-32.087261,-70.3464
17.454572677612305,-35.433959,-62.7496
17.554470539093018,-41.439289,-54.4035
17.65448498725891,-47.756324,-46.2285
17.754634857177734,-53.230541,-38.2941
17.85448932647705,-57.618526,-30.5613
17.95449471473694,-60.102523,-22.5754
18.05452036857605,-57.866531,-13.8165
18.154496431350708,-51.684375,-6.3394
18.25450110435486,-47.576427,-2.7859
18.35457444190979,-47.576427,-1.7785
18.45446467399597,-47.576427,-0.779
18.554593563079834,-47.576427,0.6305
18.653575658798218,-47.576427,2.1446
18.75457191467285,-47.576427,3.3792
18.854617834091187,-47.576427,4.0998
18.954576015472412,-46.884437,4.0998
19.05462408065796,-46.884437,4.8931
19.154590368270874,-46.321716,4.8931
19.254605293273926,-46.321716,5.4985
19.454561471939087,-45.72845,5.4985
19.55465579032898,-45.72845,6.1363
19.654617071151733,-44.861034,6.1363
19.76259684562683,-44.861034,6.6125
19.8546245098114,-43.877079,6.6125
19.95468306541443,-43.318782,6.6125
20.054600954055786,-42.735199,6.6125
20.15460443496704,-42.155258,6.6125
20.254645347595215,-40.814514,8.7772
20.354633569717407,-38.491508,10.8677
20.45460867881775,-34.680439,7.0254
20.55463147163391,-30.051557,5.5498
20.654662132263184,-28.133441,6.6836
20.754624366760254,-29.631805,0.6729
20.854674339294434,-33.522808,-10.2141
20.954686164855957,-34.647224,-22.5224
21.054763317108154,-29.718147,-34.096
21.162618398666382,-26.369115,-39.7915
21.254724740982056,-29.745531,-42.9037
21.35472798347473,-37.125511,-50.2363
21.454704523086548,-43.974239,-61.5853
21.554707050323486,-47.834854,-73.2932
21.65471339225769,-50.168338,-80.7136
21.754830360412598,-53.403137,-81.9313
21.854730129241943,-55.975944,-79.6662
21.954727172851562,-55.975944,-78.8956
22.054729223251343,-55.211387,-81.1211
22.154733657836914,-56.498088,-85.5696
22.254743337631226,-59.073814,-90.3137
22.35474181175232,-59.613571,-89.6045
22.45474624633789,-58.047927,-83.0605
22.654760122299194,-61.966953,-72.1219
22.75577974319458,-63.304981,-68.2627
22.854766845703125,-62.460906,-65.2809
22.95476984977722,-61.520114,-63.3983
23.054844856262207,-61.520114,-61.866
23.15484118461609,-60.649921,-60.3698
23.254801750183105,-60.0942,-58.8305
23.354803562164307,-59.397762,-57.311
23.4548180103302,-58.695571,-55.7949
23.55482244491577,-58.072177,-54.258
23.6548273563385,-57.485694,-52.8042
23.754838466644287,-56.82405,-51.501
23.854832649230957,-56.100719,-50.2555
23.954842567443848,-55.409339,-48.9225
24.054863691329956,-54.728496,-47.6374
24.15485167503357,-54.051963,-46.5639
24.254854440689087,-53.388301,-45.5836
24.366808652877808,-52.688529,-44.5292
24.454862594604492,-51.899513,-43.3866
24.554854154586792,-51.11795,-42.305
24.654906272888184,-50.50336,-41.3975
24.754917860031128,-49.915664,-40.5911
24.85587239265442,-49.238502,-39.7819
24.95493173599243,-48.623081,-38.9519
25.054927825927734,-48.074668,-38.1147
25.154894590377808,-49.580112,-37.0594
25.254900455474854,-52.932025,-38.6198
25.454949140548706,-58.559799,-54.7739
25.554946899414062,-60.683616,-58.1119
25.654889345169067,-61.985984,-57.056
25.75492835044861,-64.07254,-54.0124
25.85588765144348,-65.602485,-48.9548
25.954959392547607,-66.593063,-45.4139
26.054970026016235,-68.280464,-47.6381
26.154996156692505,-71.658409,-51.1714
26.254971265792847,-74.757499,-51.1714
26.35593891143799,-74.227325,-49.9074
26.45498299598694,-70.242713,-48.536
26.555010080337524,-45.620628,-29.9188
26.654979705810547,2.814263,10.8157
26.754982709884644,34.761833,38.7753
26.855021238327026,37.083023,41.1307
26.955021858215332,31.684928,36.5262
27.05502462387085,29.23566,34.3634
27.15505075454712,29.23566,34.3634
27.25503897666931,29.923378,34.9272
27.355040550231934,29.923378,34.9272
27.45502519607544,29.923378,34.9272
27.555023193359375,29.923378,34.9272
27.6550235748291,29.923378,34.9272
27.75504183769226,29.923378,34.9272
27.855037450790405,29.923378,34.9272
27.955039978027344,29.923378,34.9272
28.055020570755005,29.923378,34.9272
28.15504813194275,29.923378,34.9272
28.255069732666016,29.923378,34.9272
28.35512661933899,29.923378,34.9272
28.45502209663391,29.923378,34.9272
28.55504846572876,29.923378,34.9272
28.655057191848755,29.923378,34.9272
28.75512433052063,29.923378,34.9272
28.85510230064392,29.923378,34.9272
28.955109119415283,29.923378,34.9272
29.055113554000854,29.923378,34.9272
29.155147790908813,29.923378,34.9272
29.255155324935913,29.923378,34.9272
29.35511589050293,29.923378,34.9272
29.455124616622925,29.923378,34.9272
29.562188148498535,29.923378,34.9272
29.655162811279297,29.923378,34.9272
29.755170583724976,29.923378,34.9272
29.862157583236694,29.923378,34.9272
29.955196380615234,29.923378,34.9272
30.055195093154907,29.923378,34.9272
30.15518856048584,29.923378,34.9272
30.25520086288452,29.923378,34.9272
30.355144500732422,29.923378,34.9272
30.45521855354309,29.923378,34.9272
30.55521583557129,29.923378,34.9272
30.655189275741577,29.923378,34.9272
30.755194902420044,29.923378,34.9272
30.855205535888672,29.923378,34.9272
30.95522689819336,29.923378,34.9272
31.05524206161499,29.923378,34.9272
31.155232429504395,29.923378,34.9272
31.255262851715088,29.923378,34.9272
31.355244874954224,29.923378,34.9272
31.45525074005127,29.923378,34.9272
31.55524969100952,29.923378,34.9272
31.65525770187378,29.923378,34.9272
31.755261421203613,29.923378,34.9272
31.855278968811035,29.923378,34.9272
31.961270093917847,29.923378,34.9272
32.055275201797485,29.923378,34.9272
32.155280351638794,29.923378,34.9272
32.25529479980469,29.923378,34.9272
32.35525321960449,29.923378,34.9272
32.455329179763794,29.923378,34.9272
32.55927658081055,29.923378,34.9272
32.65531063079834,29.923378,34.9272
32.7553129196167,29.923378,34.9272
32.855316400527954,29.923378,34.9272
32.95531940460205,29.923378,34.9272
33.05532717704773,29.923378,34.9272
33.15533089637756,29.923378,34.9272
33.25533390045166,29.923378,34.9272
33.35537147521973,29.923378,34.9272
33.475486755371094,29.923378,34.9272
33.55538630485535,29.923378,34.9272
33.65540313720703,29.923378,34.9272
33.75541424751282,29.923378,34.9272
33.85541772842407,29.923378,34.9272
33.95542311668396,29.923378,34.9272
34.05543351173401,29.923378,34.9272
34.15543723106384,29.923378,34.9272
34.2553927898407,29.923378,34.9272
34.355398416519165,29.923378,34.9272
34.45540452003479,29.923378,34.9272
34.55540442466736,29.923378,34.9272
34.65542817115784,29.923378,34.9272
34.75542497634888,29.923378,34.9272
34.85543131828308,29.923378,34.9272
34.957441568374634,29.923378,34.9272
35.055476665496826,29.923378,34.9272
35.15544533729553,29.923378,34.9272
35.255449056625366,29.923378,34.9272
35.35546350479126,29.923378,34.9272
35.45541787147522,29.923378,34.9272
35.55542325973511,29.923378,34.9272
35.65543794631958,29.923378,34.9272
35.755465507507324,29.923378,34.9272
35.865479707717896,29.923378,34.9272
35.95548343658447,29.923378,34.9272
36.05545139312744,29.923378,34.9272
36.15555429458618,29.923378,34.9272
36.35553431510925,29.923378,34.9272
36.45556426048279,29.923378,34.9272
36.5555214881897,29.923378,34.9272
36.655537843704224,29.923378,34.9272
36.75554370880127,29.923378,34.9272
36.85555720329285,29.923378,34.9272
36.955559968948364,29.923378,34.9272
37.05556607246399,29.923378,34.9272
37.15556240081787,29.923378,34.9272
37.25557351112366,29.923378,34.9272
37.355602741241455,29.923378,34.9272
37.455612659454346,29.923378,34.9272
37.55554723739624,29.923378,34.9272
37.65661406517029,29.923378,34.9272
37.775633096694946,29.923378,34.9272
37.85563564300537,29.923378,34.9272
37.95563459396362,29.923378,34.9272
38.055635929107666,29.923378,34.9272
38.15560579299927,29.923378,34.9272
38.25560712814331,29.923378,34.9272
38.35561537742615,29.923378,34.9272
38.45561981201172,29.923378,34.9272
38.55565905570984,29.923378,34.9272
38.65572166442871,29.923378,34.9272
38.75509691238403,29.923378,34.9272
38.85570192337036,29.923378,34.9272
38.95563626289368,29.923378,34.9272
39.05563974380493,29.923378,34.9272
39.1556441783905,29.923378,34.9272
39.25565052032471,29.923378,34.9272
39.361708641052246,29.923378,34.9272
39.455729246139526,29.923378,34.9272
39.55572462081909,29.923378,34.9272
39.65567994117737,29.923378,34.9272
39.75569701194763,29.923378,34.9272
39.855751276016235,29.923378,34.9272
39.95570659637451,29.923378,34.9272
40.055713415145874,29.923378,34.9272
40.15571594238281,29.923378,34.9272
40.25572466850281,29.923378,34.9272
40.35570812225342,29.923378,34.9272
40.45573329925537,29.923378,34.9272
40.65571165084839,29.923378,34.9272
40.75579595565796,29.923378,34.9272
40.85580277442932,29.923378,34.9272
40.955822229385376,29.923378,34.9272
41.05573320388794,29.923378,34.9272
41.15573453903198,29.923378,34.9272
41.25576210021973,29.923378,34.9272
41.35584259033203,29.923378,34.9272
41.455846071243286,29.923378,34.9272
41.5558443069458,29.923378,34.9272
41.655848264694214,29.923378,34.9272
41.8558292388916,29.923378,34.9272
41.955870151519775,29.923378,34.9272
42.055858850479126,29.923378,34.9272
42.155829668045044,29.923378,34.9272
42.25585126876831,29.923378,34.9272
42.355878591537476,29.923378,34.9272
42.45590019226074,29.923378,34.9272
42.555891036987305,29.923378,34.9272
42.66494345664978,29.923378,34.9272
42.755895376205444,29.923378,34.9272
42.855913400650024,29.923378,34.9272
42.95587491989136,29.923378,34.9272
43.05592465400696,29.923378,34.9272
43.15589237213135,29.923378,34.9272
43.25589179992676,29.923378,34.9272
43.35593056678772,29.923378,34.9272
43.45594334602356,29.923378,34.9272
43.555933237075806,29.923378,34.9272
43.65590810775757,29.923378,34.9272
43.855974197387695,29.923378,34.9272
43.95594930648804,29.923378,34.9272
44.055949211120605,29.923378,34.9272
44.155927658081055,29.923378,34.9272
44.255964279174805,29.923378,34.9272
44.35600018501282,29.923378,34.9272
44.45597767829895,29.923378,34.9272
44.55596852302551,29.923378,34.9272
44.65600776672363,29.923378,34.9272
44.755985260009766,29.923378,34.9272
44.85591197013855,29.923378,34.9272
44.95598816871643,29.923378,34.9272
45.056029319763184,29.923378,34.9272
45.15601110458374,29.923378,34.9272
45.25601100921631,29.923378,34.9272
45.355995178222656,29.923378,34.9272
45.45602226257324,29.923378,34.9272
45.55601763725281,29.923378,34.9272
45.656031131744385,29.923378,34.9272
45.75602436065674,29.923378,34.9272
45.85605239868164,29.923378,34.9272
45.95604467391968,29.923378,34.9272
46.05603075027466,29.923378,34.9272
46.156036138534546,29.923378,34.9272
46.25611448287964,29.923378,34.9272
46.356080770492554,29.923378,34.9272
46.45614171028137,29.923378,34.9272
46.556127309799194,29.923378,34.9272
46.656068563461304,29.923378,34.9272
46.756103515625,29.923378,34.9272
46.85612177848816,29.923378,34.9272
46.9561128616333,29.923378,34.9272
47.05611562728882,29.923378,34.9272
47.156118869781494,29.923378,34.9272
47.25612545013428,29.923378,34.9272
47.35613131523132,29.923378,34.9272
47.45611786842346,29.923378,34.9272
47.556140661239624,29.923378,34.9272
47.65610957145691,29.923378,34.9272
47.7561616897583,29.923378,34.9272
47.85614252090454,29.923378,34.9272
47.95621681213379,29.923378,34.9272
48.05620098114014,29.923378,34.9272
48.1562716960907,29.923378,34.9272
48.25622510910034,29.923378,34.9272
48.356170892715454,29.923378,34.9272
48.456183671951294,29.923378,34.9272
48.55615234375,29.923378,34.9272
48.65616202354431,29.923378,34.9272
48.75621938705444,29.923378,34.9272
48.856226205825806,29.923378,34.9272
48.95622706413269,29.923378,34.9272
49.05628943443298,29.923378,34.9272
49.156248331069946,29.923378,34.9272
49.26326847076416,29.923378,34.9272
49.356279134750366,29.923378,34.9272
49.45617723464966,29.923378,34.9272
49.55632019042969,29.923378,34.9272
49.656314849853516,29.923378,34.9272
49.7562689781189,29.923378,34.9272
49.86533546447754,29.923378,34.9272
49.95631003379822,29.923378,34.9272
50.05631875991821,29.923378,34.9272
50.156349182128906,29.923378,34.9272
50.256319761276245,29.923378,34.9272
50.356322288513184,29.923378,34.9272
50.456300020217896,29.923378,34.9272
50.5563063621521,29.923378,34.9272
50.65630054473877,29.923378,34.9272
50.75631380081177,29.923378,34.9272
50.86232662200928,29.923378,34.9272
50.95629358291626,29.923378,34.9272
51.05632710456848,29.923378,34.9272
51.156328201293945,29.923378,34.9272
51.256304025650024,29.923378,34.9272
51.35634517669678,29.923378,34.9272
51.45634317398071,29.923378,34.9272
51.55634117126465,29.923378,34.9272
51.6563446521759,29.923378,34.9272
51.75736117362976,29.923378,34.9272
51.956422567367554,29.923378,34.9272
52.05643367767334,29.923378,34.9272
52.1564359664917,29.923378,34.9272
52.25645208358765,29.923378,34.9272
52.356446743011475,29.923378,34.9272
52.4564151763916,29.923378,34.9272
52.556456565856934,29.923378,34.9272
52.65642309188843,29.923378,34.9272
52.756462812423706,29.923378,34.9272
52.856473207473755,29.923378,34.9272
52.96041536331177,29.923378,34.9272
53.05644512176514,29.923378,34.9272
53.15640616416931,29.923378,34.9272
53.256455183029175,29.923378,34.9272
53.356491565704346,29.923378,34.9272
53.456483602523804,29.923378,34.9272
53.55651021003723,29.923378,34.9272
53.6565055847168,29.923378,34.9272
53.75651931762695,29.923378,34.9272
53.856518507003784,29.923378,34.9272
53.9565224647522,29.923378,34.9272
54.05653095245361,29.923378,34.9272
54.156553506851196,29.923378,34.9272
54.25655269622803,29.923378,34.9272
54.356143951416016,29.923378,34.9272
54.456533670425415,29.923378,34.9272
54.55654239654541,29.923378,34.9272
54.65653085708618,29.923378,34.9272
54.763513803482056,29.923378,34.9272
54.8565948009491,29.923378,34.9272
54.95660209655762,29.923378,34.9272
55.05660676956177,29.923378,34.9272
55.156604290008545,29.923378,34.9272
55.25659799575806,29.923378,34.9272
55.356605768203735,29.923378,34.9272
55.45660972595215,29.923378,34.9272
55.556617975234985,29.923378,34.9272
55.65661287307739,29.923378,34.9272
55.75660014152527,29.923378,34.9272
55.85664939880371,29.923378,34.9272
55.956655502319336,29.923378,34.9272
56.05665063858032,29.923378,34.9272
56.15663242340088,29.923378,34.9272
56.256654262542725,29.923378,34.9272
56.35665678977966,29.923378,34.9272
56.456669092178345,29.923378,34.9272
56.55667567253113,29.923378,34.9272
56.65667533874512,29.923378,34.9272
56.75669479370117,29.923378,34.9272
56.856701612472534,29.923378,34.9272
56.95670747756958,29.923378,34.9272
57.05672001838684,29.923378,34.9272
57.15671348571777,29.923378,34.9272
57.25671982765198,29.923378,34.9272
57.35672950744629,29.923378,34.9272
57.45673322677612,29.923378,34.9272
57.556737661361694,29.923378,34.9272
57.65672779083252,29.923378,34.9272
57.75670862197876,29.923378,34.9272
57.85672664642334,29.923378,34.9272
57.96070671081543,29.923378,34.9272
58.05672526359558,29.923378,34.9272
58.15676951408386,29.923378,34.9272
58.25673508644104,29.923378,34.9272
58.35675883293152,29.923378,34.9272
58.45674419403076,29.923378,34.9272
58.556756258010864,29.923378,34.9272
58.6567542552948,29.923378,34.9272
58.75679326057434,29.923378,34.9272
58.85679841041565,29.923378,34.9272
58.95676827430725,29.923378,34.9272
59.156779289245605,29.923378,34.9272
59.25681471824646,29.923378,34.9272
59.35683822631836,29.923378,34.9272
59.45680332183838,29.923378,34.9272
59.55681014060974,29.923378,34.9272
59.65682315826416,29.923378,34.9272
59.75685906410217,29.923378,34.9272
59.85686540603638,29.923378,34.9272
59.956868171691895,29.923378,34.9272
60.056859254837036,29.923378,34.9272
60.1568546295166,29.923378,34.9272
60.256890296936035,29.923378,34.9272
60.3568651676178,29.923378,34.9272
60.456883907318115,29.923378,34.9272
60.55686593055725,29.923378,34.9272
60.65691375732422,29.923378,34.9272
60.756877422332764,29.923378,34.9272
60.85690426826477,29.923378,34.9272
60.95696139335632,29.923378,34.9272
61.05694222450256,29.923378,34.9272
61.15694451332092,29.923378,34.9272
61.26089930534363,29.923378,34.9272
61.35693049430847,29.923378,34.9272
61.45691108703613,29.923378,34.9272
61.56899571418762,29.923378,34.9272
61.65692734718323,29.923378,34.9272
61.75697565078735,29.923378,34.9272
61.85695838928223,29.923378,34.9272
61.95694661140442,29.923378,34.9272
62.05694890022278,29.923378,34.9272
62.15696668624878,29.923378,34.9272
62.35696601867676,29.923378,34.9272
62.4569673538208,29.923378,34.9272
62.557024002075195,29.923378,34.9272
62.66800117492676,29.923378,34.9272
62.75702452659607,29.923378,34.9272
62.85699105262756,29.923378,34.9272
62.95698857307434,29.923378,34.9272
63.05700659751892,29.923378,34.9272
63.157004833221436,29.923378,34.9272
63.25705146789551,29.923378,34.9272
63.35702109336853,29.923378,34.9272
63.45704364776611,29.923378,34.9272
63.55698323249817,29.923378,34.9272
63.65698766708374,29.923378,34.9272
63.756993770599365,29.923378,34.9272
63.957061767578125,29.923378,34.9272
64.05707669258118,29.923378,34.9272
64.15708184242249,29.923378,34.9272
64.25708365440369,29.923378,34.9272
64.35711479187012,29.923378,34.9272
64.45714783668518,29.923378,34.9272
64.55717825889587,29.923378,34.9272
64.65710473060608,29.923378,34.9272
64.75714087486267,29.923378,34.9272
64.85714554786682,29.923378,34.9272
64.95709085464478,29.923378,34.9272
65.05710792541504,29.923378,34.9272
65.16316795349121,29.923378,34.9272
65.25711512565613,29.923378,34.9272
65.35714983940125,29.923378,34.9272
65.45712375640869,29.923378,34.9272
65.55717325210571,29.923378,34.9272
65.65713238716125,29.923378,34.9272
65.75714993476868,29.923378,34.9272
65.85713863372803,29.923378,34.9272
65.95716571807861,29.923378,34.9272
66.05718183517456,29.923378,34.9272
66.1571581363678,29.923378,34.9272
66.25717282295227,29.923378,34.9272
66.35713028907776,29.923378,34.9272
66.45715522766113,29.923378,34.9272
66.55715584754944,29.923378,34.9272
66.65720963478088,29.923378,34.9272
66.75725150108337,29.923378,34.9272
66.85727047920227,29.923378,34.9272
67.05723714828491,29.923378,34.9272
67.1572482585907,29.923378,34.9272
67.25734257698059,29.923378,34.9272
67.35724997520447,29.923378,34.9272
67.45725560188293,29.923378,34.9272
67.55729961395264,29.923378,34.9272
67.65729689598083,29.923378,34.9272
67.75719118118286,29.923378,34.9272
67.85731649398804,29.923378,34.9272
67.9572594165802,29.923378,34.9272
68.05727934837341,29.923378,34.9272
68.15728616714478,29.923378,34.9272
68.25728344917297,29.923378,34.9272
68.35729646682739,29.923378,34.9272
68.45729899406433,29.923378,34.9272
68.55730772018433,29.923378,34.9272
68.65730023384094,29.923378,34.9272
68.75730562210083,29.923378,34.9272
68.8573625087738,29.923378,34.9272
68.95736169815063,29.923378,34.9272
69.05733108520508,29.923378,34.9272
69.15733456611633,29.923378,34.9272
69.26131439208984,29.923378,34.9272
69.35740613937378,29.923378,34.9272
69.45739817619324,29.923378,34.9272
69.55737113952637,29.923378,34.9272
69.65736699104309,29.923378,34.9272
69.75737190246582,29.923378,34.9272
69.85738372802734,29.923378,34.9272
69.9574294090271,29.923378,34.9272
70.05744433403015,29.923378,34.9272
70.15743064880371,29.923378,34.9272
70.25744128227234,29.923378,34.9272
70.35745000839233,29.923378,34.9272
70.4574670791626,29.923378,34.9272
70.55745124816895,29.923378,34.9272
70.6574547290802,29.923378,34.9272
70.7574770450592,29.923378,34.9272
70.8574709892273,29.923378,34.9272
70.95740699768066,29.923378,34.9272
71.0574893951416,29.923378,34.9272
71.15748429298401,29.923378,34.9272
71.25745582580566,29.923378,34.9272
71.35745143890381,29.923378,34.9272
71.45746421813965,29.923378,34.9272
71.55750679969788,29.923378,34.9272
71.65750861167908,29.923378,34.9272
71.75748372077942,29.923378,34.9272
71.8574731349945,29.923378,34.9272
72.05754566192627,29.923378,34.9272
72.15755820274353,29.923378,34.9272
72.25757265090942,29.923378,34.9272
72.35755753517151,29.923378,34.9272
72.45753002166748,29.923378,34.9272
72.56347298622131,29.923378,34.9272
72.65757346153259,29.923378,34.9272
72.75758790969849,29.923378,34.9272
72.85759091377258,29.923378,34.9272
72.95757961273193,29.923378,34.9272
73.0576057434082,29.923378,34.9272
73.15760087966919,29.923378,34.9272
73.25760197639465,29.923378,34.9272
73.45764327049255,29.923378,34.9272
73.55760455131531,29.923378,34.9272
73.65764713287354,29.923378,34.9272
73.75756692886353,29.923378,34.9272
73.85762882232666,29.923378,34.9272
73.95763993263245,29.923378,34.9272
74.05765724182129,29.923378,34.9272
74.16260361671448,29.923378,34.9272
74.25762033462524,29.923378,34.9272
74.35769462585449,29.923378,34.9272
74.45765829086304,29.923378,34.9272
74.55767059326172,29.923378,34.9272
74.65762639045715,29.923378,34.9272
74.75769186019897,29.923378,34.9272
74.85769724845886,29.923378,34.9272
74.95771074295044,29.923378,34.9272
75.05771017074585,29.923378,34.9272
75.15769386291504,29.923378,34.9272
75.25767636299133,29.923378,34.9272
75.35768985748291,29.923378,34.9272
75.45771598815918,29.923378,34.9272
75.55775475502014,29.923378,34.9272
75.65774416923523,29.923378,34.9272
75.75770998001099,29.923378,34.9272
75.85771441459656,29.923378,34.9272
75.95772171020508,29.923378,34.9272
76.05775427818298,29.923378,34.9272
76.1577615737915,29.923378,34.9272
76.25776386260986,29.923378,34.9272
76.3577733039856,29.923378,34.9272
76.45779037475586,29.923378,34.9272
76.55778622627258,29.923378,34.9272
76.65778231620789,29.923378,34.9272
76.75774431228638,29.923378,34.9272
76.85775399208069,29.923378,34.9272
76.95776009559631,29.923378,34.9272
77.05775809288025,29.923378,34.9272
77.15778613090515,29.923378,34.9272
77.2577612400055,29.923378,34.9272
77.3577938079834,29.923378,34.9272
77.45777034759521,29.923378,34.9272
77.55777764320374,29.923378,34.9272
77.6577844619751,29.923378,34.9272
77.75778079032898,29.923378,34.9272
77.86082649230957,29.923378,34.9272
77.95779418945312,29.923378,34.9272
78.0578305721283,29.923378,34.9272
78.15780901908875,29.923378,34.9272
78.25788307189941,29.923378,34.9272
78.3578519821167,29.923378,34.9272
78.45785355567932,29.923378,34.9272
78.55786848068237,29.923378,34.9272
78.65786933898926,29.923378,34.9272
78.75787377357483,29.923378,34.9272
78.85788083076477,29.923378,34.9272
78.95788288116455,29.923378,34.9272
79.05788993835449,29.923378,34.9272
79.15789532661438,29.923378,34.9272
79.25795269012451,29.923378,34.9272
79.3579351902008,29.923378,34.9272
79.45787930488586,29.923378,34.9272
79.55786848068237,29.923378,34.9272
79.65787625312805,29.923378,34.9272
79.7578775882721,29.923378,34.9272
79.85794687271118,29.923378,34.9272
79.9580066204071,29.923378,34.9272
80.05799841880798,29.923378,34.9272
80.15800309181213,29.923378,34.9272
80.25799989700317,29.923378,34.9272
80.35801219940186,29.923378,34.9272
80.45797753334045,29.923378,34.9272
80.55804920196533,29.923378,34.9272
80.65798950195312,29.923378,34.9272
80.75798749923706,29.923378,34.9272
80.85799646377563,29.923378,34.9272
80.95800399780273,29.923378,34.9272
81.05800151824951,29.923378,34.9272
81.15801167488098,29.923378,34.9272
81.25801801681519,29.923378,34.9272
81.35802149772644,29.923378,34.9272
81.45802235603333,29.923378,34.9272
81.55806350708008,29.923378,34.9272
81.65806841850281,29.923378,34.9272
81.75807428359985,29.923378,34.9272
81.85804629325867,29.923378,34.9272
81.95804738998413,29.923378,34.9272
82.05805444717407,29.923378,34.9272
82.15806078910828,29.923378,34.9272
82.25806093215942,29.923378,34.9272
82.35806894302368,29.923378,34.9272
82.47807288169861,29.923378,34.9272
82.55813908576965,29.923378,34.9272
82.65810585021973,29.923378,34.9272
82.75810813903809,29.923378,34.9272
82.85811829566956,29.923378,34.9272
82.9581208229065,29.923378,34.9272
83.0581169128418,29.923378,34.9272
83.1581768989563,29.923378,34.9272
83.25812458992004,29.923378,34.9272
83.35814237594604,29.923378,34.9272
83.45818376541138,29.923378,34.9272
83.6581506729126,29.923378,34.9272
83.75815200805664,29.923378,34.9272
83.85815572738647,29.923378,34.9272
83.96419143676758,29.923378,34.9272
84.0581784248352,29.923378,34.9272
84.15817618370056,29.923378,34.9272
84.25817036628723,29.923378,34.9272
84.35818648338318,29.923378,34.9272
84.45818829536438,29.923378,34.9272
84.56914901733398,29.923378,34.9272
84.65819096565247,29.923378,34.9272
84.75819563865662,29.923378,34.9272
84.8582112789154,29.923378,34.9272
84.95822072029114,29.923378,34.9272
85.05824255943298,29.923378,34.9272
85.15822863578796,29.923378,34.9272
85.25823044776917,29.923378,34.9272
85.35823917388916,29.923378,34.9272
85.45824527740479,29.923378,34.9272
85.56423139572144,29.923378,34.9272
85.65827107429504,29.923378,34.9272
85.75829434394836,29.923378,34.9272
85.85825872421265,29.923378,34.9272
85.95828175544739,29.923378,34.9272
86.058269739151,29.923378,34.9272
86.1582396030426,29.923378,34.9272
86.25829648971558,29.923378,34.9272
86.35834670066833,29.923378,34.9272
86.45835518836975,29.923378,34.9272
86.55832934379578,29.923378,34.9272
86.6583342552185,29.923378,34.9272
86.75832438468933,29.923378,34.9272
86.85836982727051,29.923378,34.9272
86.95835471153259,29.923378,34.9272
87.06645393371582,29.923378,34.9272
87.15834379196167,29.923378,34.9272
87.25835919380188,29.923378,34.9272
87.35837459564209,29.923378,34.9272
87.4583249092102,29.923378,34.9272
87.65840649604797,29.923378,34.9272
87.75833344459534,29.923378,34.9272
87.8593864440918,29.923378,34.9272
87.95838522911072,29.923378,34.9272
88.0583860874176,29.923378,34.9272
88.1583800315857,29.923378,34.9272
88.25839567184448,29.923378,34.9272
88.35840845108032,29.923378,34.9272
88.45841646194458,29.923378,34.9272
88.55841279029846,29.923378,34.9272
88.65842890739441,29.923378,34.9272
88.7583909034729,29.923378,34.9272
88.85841965675354,29.923378,34.9272
88.95840692520142,29.923378,34.9272
89.06839871406555,29.923378,34.9272
89.15842151641846,29.923378,34.9272
89.25841808319092,29.923378,34.9272
89.35842442512512,29.923378,34.9272
89.45852065086365,29.923378,34.9272
89.55850338935852,29.923378,34.9272
89.6664342880249,29.923378,34.9272
89.75852108001709,29.923378,34.9272
89.85852456092834,29.923378,34.9272
89.95848155021667,29.923378,34.9272
90.05852842330933,29.923378,34.9272
90.1584701538086,29.923378,34.9272
90.25844097137451,29.923378,34.9272
90.35847282409668,29.923378,34.9272
90.45851755142212,29.923378,34.9272
90.55845260620117,29.923378,34.9272
90.65850305557251,29.923378,34.9272
90.75945258140564,29.923378,34.9272
90.85855293273926,29.923378,34.9272
90.95851635932922,29.923378,34.9272
91.05860257148743,29.923378,34.9272
91.15858888626099,29.923378,34.9272
91.25856828689575,29.923378,34.9272
91.35857248306274,29.923378,34.9272
91.45852541923523,29.923378,34.9272
91.55858945846558,29.923378,34.9272
91.65859770774841,29.923378,34.9272
91.76569890975952,29.923378,34.9272
91.85863614082336,29.923378,34.9272
91.95860862731934,29.923378,34.9272
92.05856251716614,29.923378,34.9272
92.15861582756042,29.923378,34.9272
92.25861501693726,29.923378,34.9272
92.35868430137634,29.923378,34.9272
92.45863008499146,29.923378,34.9272
92.55864024162292,29.923378,34.9272
92.65864872932434,29.923378,34.9272
92.75869917869568,29.923378,34.9272
92.86368727684021,29.923378,34.9272
92.95864510536194,29.923378,34.9272
93.05869603157043,29.923378,34.9272
93.15870475769043,29.923378,34.9272
93.25869035720825,29.923378,34.9272
93.35872840881348,29.923378,34.9272
93.45867919921875,29.923378,34.9272
93.55871748924255,29.923378,34.9272
93.65871286392212,29.923378,34.9272
93.75871562957764,29.923378,34.9272
93.85873103141785,29.923378,34.9272
93.9587562084198,29.923378,34.9272
94.0587306022644,29.923378,34.9272
94.15875148773193,29.923378,34.9272
94.25873851776123,29.923378,34.9272
94.35874199867249,29.923378,34.9272
94.45877051353455,29.923378,34.9272
94.55870056152344,29.923378,34.9272
94.65877914428711,29.923378,34.9272
94.75879240036011,29.923378,34.9272
94.85877180099487,29.923378,34.9272
94.9588143825531,29.923378,34.9272
95.05882906913757,29.923378,34.9272
95.15881276130676,29.923378,34.9272
95.25879001617432,29.923378,34.9272
95.35880494117737,29.923378,34.9272
95.45880007743835,29.923378,34.9272
95.55883955955505,29.923378,34.9272
95.65885353088379,29.923378,34.9272
95.75884532928467,29.923378,34.9272
95.85881876945496,29.923378,34.9272
95.95886278152466,29.923378,34.9272
96.05889105796814,29.923378,34.9272
96.15887379646301,29.923378,34.9272
96.25886464118958,29.923378,34.9272
96.358895778656,29.923378,34.9272
96.45890998840332,29.923378,34.9272
96.55881834030151,29.923378,34.9272
96.65888690948486,29.923378,34.9272
96.75891947746277,29.923378,34.9272
96.85893201828003,29.923378,34.9272
96.9588508605957,29.923378,34.9272
97.05879497528076,29.923378,34.9272
97.15886497497559,29.923378,34.9272
97.26789140701294,29.923378,34.9272
97.35891151428223,29.923378,34.9272
97.45891237258911,29.923378,34.9272
97.55890202522278,29.923378,34.9272
97.65890836715698,29.923378,34.9272
97.85896372795105,29.923378,34.9272
97.95888948440552,29.923378,34.9272
98.05895256996155,29.923378,34.9272
98.16403889656067,29.923378,34.9272
98.25898432731628,29.923378,34.9272
98.35901141166687,29.923378,34.9272
98.4589147567749,29.923378,34.9272
98.55896401405334,29.923378,34.9272
98.65896701812744,29.923378,34.9272
98.75902724266052,29.923378,34.9272
98.8590042591095,29.923378,34.9272
98.95902252197266,29.923378,34.9272
99.05900835990906,29.923378,34.9272
99.15902042388916,29.923378,34.9272
99.25905156135559,29.923378,34.9272
99.35905933380127,29.923378,34.9272
99.45897960662842,29.923378,34.9272
99.55903220176697,29.923378,34.9272
99.65906810760498,29.923378,34.9272
99.75903177261353,29.923378,34.9272
99.85906839370728,29.923378,34.9272
99.95902681350708,29.923378,34.9272
100.05899691581726,29.923378,34.9272
100.15910387039185,29.923378,34.9272
100.25900363922119,29.923378,34.9272
100.35897445678711,29.923378,34.9272
100.46806263923645,29.923378,34.9272
100.55905365943909,29.923378,34.9272
100.65908122062683,29.923378,34.9272
100.75912189483643,29.923378,34.9272
100.85912775993347,29.923378,34.9272
100.95914721488953,29.923378,34.9272
101.0591070652008,29.923378,34.9272
101.15911078453064,29.923378,34.9272
101.25914907455444,29.923378,34.9272
101.35913181304932,29.923378,34.9272
101.45919036865234,29.923378,34.9272
101.55920958518982,29.923378,34.9272
101.659175157547,29.923378,34.9272
101.75920343399048,29.923378,34.9272
101.85928773880005,29.923378,34.9272
101.95920753479004,29.923378,34.9272
102.05916118621826,29.923378,34.9272
102.15916562080383,29.923378,34.9272
102.25918579101562,29.923378,34.9272
102.36019468307495,29.923378,34.9272
102.45921277999878,29.923378,34.9272
102.55922842025757,29.923378,34.9272
102.65922141075134,29.923378,34.9272
102.75921750068665,29.923378,34.9272
102.85921835899353,29.923378,34.9272
102.95921587944031,29.923378,34.9272
103.05922031402588,29.923378,34.9272
103.15925240516663,29.923378,34.9272
103.25924253463745,29.923378,34.9272
103.35926032066345,29.923378,34.9272
103.45925307273865,29.923378,34.9272
103.55925798416138,29.923378,34.9272
103.65923118591309,29.923378,34.9272
103.7592134475708,29.923378,34.9272
103.85919785499573,29.923378,34.9272
103.95926141738892,29.923378,34.9272
104.05925226211548,29.923378,34.9272
104.15922832489014,29.923378,34.9272
104.2592785358429,29.923378,34.9272
104.3593237400055,29.923378,34.9272
104.45931029319763,29.923378,34.9272
104.55931425094604,29.923378,34.9272
104.65927410125732,29.923378,34.9272
104.7592670917511,29.923378,34.9272
104.85932922363281,29.923378,34.9272
104.95932459831238,29.923378,34.9272
105.05934429168701,29.923378,34.9272
105.15929937362671,29.923378,34.9272
105.25935482978821,29.923378,34.9272
105.35931086540222,29.923378,34.9272
105.45935082435608,29.923378,34.9272
105.55934858322144,29.923378,34.9272
105.65935730934143,29.923378,34.9272
105.75941014289856,29.923378,34.9272
105.85938858985901,29.923378,34.9272
105.95937085151672,29.923378,34.9272
106.0593752861023,29.923378,34.9272
106.16042232513428,29.923378,34.9272
106.2593514919281,29.923378,34.9272
106.35935592651367,29.923378,34.9272
106.45935893058777,29.923378,34.9272
106.55941271781921,29.923378,34.9272
106.65940237045288,29.923378,34.9272
106.75944995880127,29.923378,34.9272
106.87038612365723,29.923378,34.9272
106.95948338508606,29.923378,34.9272
107.06049990653992,29.923378,34.9272
107.15950679779053,29.923378,34.9272
107.25953817367554,29.923378,34.9272
107.35948848724365,29.923378,34.9272
107.45950698852539,29.923378,34.9272
107.55952596664429,29.923378,34.9272
107.65951704978943,29.923378,34.9272
107.7595329284668,29.923378,34.9272
107.85952377319336,29.923378,34.9272
107.95950603485107,29.923378,34.9272
108.05954194068909,29.923378,34.9272
108.16956520080566,29.923378,34.9272
108.25955319404602,29.923378,34.9272
108.35956287384033,29.923378,34.9272
108.45956349372864,29.923378,34.9272
108.55953288078308,29.923378,34.9272
108.65956830978394,29.923378,34.9272
108.7595443725586,29.923378,34.9272
108.85954165458679,29.923378,34.9272
108.95954322814941,29.923378,34.9272
109.05955123901367,29.923378,34.9272
109.15959453582764,29.923378,34.9272
109.25955557823181,29.923378,34.9272
109.35959434509277,29.923378,34.9272
109.45960927009583,29.923378,34.9272
109.55960869789124,29.923378,34.9272
109.65961074829102,29.923378,34.9272
109.759610414505,29.923378,34.9272
109.8596134185791,29.923378,34.9272
109.95965814590454,29.923378,34.9272
110.05963969230652,29.923378,34.9272
110.15962719917297,29.923378,34.9272
110.25963616371155,29.923378,34.9272
110.3596351146698,29.923378,34.9272
110.46863055229187,29.923378,34.9272
110.55968117713928,29.923378,34.9272
110.65968251228333,29.923378,34.9272
110.75969195365906,29.923378,34.9272
110.86069965362549,29.923378,34.9272
110.95970368385315,29.923378,34.9272
111.05965209007263,29.923378,34.9272
111.15964245796204,29.923378,34.9272
111.26064944267273,29.923378,34.9272
111.35968947410583,29.923378,34.9272
111.4596815109253,29.923378,34.9272
111.56970715522766,29.923378,34.9272
111.65973091125488,29.923378,34.9272
111.75973224639893,29.923378,34.9272
111.85973644256592,29.923378,34.9272
111.95973706245422,29.923378,34.9272
112.05974555015564,29.923378,34.9272
112.1597535610199,29.923378,34.9272
112.25967907905579,29.923378,34.9272
112.35971307754517,29.923378,34.9272
112.47067713737488,29.923378,34.9272
112.55976152420044,29.923378,34.9272
112.65976643562317,29.923378,34.9272
112.7598090171814,29.923378,34.9272
112.85977411270142,29.923378,34.9272
112.95974802970886,29.923378,34.9272
113.05978345870972,29.923378,34.9272
113.15979194641113,29.923378,34.9272
113.25979566574097,29.923378,34.9272
113.35974168777466,29.923378,34.9272
113.45980620384216,29.923378,34.9272
113.5598156452179,29.923378,34.9272
113.65984678268433,29.923378,34.9272
113.75979018211365,29.923378,34.9272
113.85988807678223,29.923378,34.9272
113.95988726615906,29.923378,34.9272
114.05983972549438,29.923378,34.9272
114.15986561775208,29.923378,34.9272
114.25986456871033,29.923378,34.9272
114.35986185073853,29.923378,34.9272
114.45987200737,29.923378,34.9272
114.55984330177307,29.923378,34.9272
114.65985655784607,29.923378,34.9272
114.75984835624695,29.923378,34.9272
114.85986399650574,29.923378,34.9272
114.95987153053284,29.923378,34.9272
115.0598692893982,29.923378,34.9272
