1632426856.5645645,148.5,135.0
1632426856.6550174,129.327529,112.051132
1632426856.7445817,84.101181,57.208374
1632426856.86457,52.202995,18.129089
1632426856.9550357,49.823711,18.129089
1632426857.0447586,53.738197,31.697856
1632426857.1646104,50.247467,39.637378
1632426857.254896,43.891746,40.423332
1632426857.3447895,39.002212,39.023513
1632426857.4645853,34.692592,39.023513
1632426857.554582,30.745908,39.023513
1632426857.6448576,26.965032,38.164318
1632426857.7645984,24.39442,36.19844
1632426857.8550744,31.272865,36.19844
1632426857.944718,43.700901,36.19844
1632426858.064671,36.895469,36.19844
1632426858.1548896,20.182151,33.847995
1632426858.244807,17.60456,33.847995
1632426858.3646545,20.302442,37.807079
1632426858.4547749,20.302442,40.914951
1632426858.5448089,20.302442,40.914951
1632426858.664603,13.276798,37.752101
1632426858.754762,2.477846,36.651683
1632426858.844863,-1.161289,39.867782
1632426858.9647112,24.038936,42.704795
1632426859.0548084,54.833889,40.30561
1632426859.1451557,46.202323,34.167228
1632426859.264698,28.848819,30.984043
1632426859.3546684,28.848819,35.192848
1632426859.4448416,23.557571,40.276351
1632426859.5646732,14.402107,41.291965
1632426859.6551676,14.402107,41.291965
1632426859.7449346,18.414253,41.291965
1632426859.8646688,31.376293,39.3022
1632426859.9549503,27.161069,37.351593
1632426860.044924,27.161069,38.564083
1632426860.1647072,41.574806,41.582466
1632426860.2550085,32.583801,38.732437
1632426860.345052,14.822102,34.318874
1632426860.4646096,17.71729,37.680862
1632426860.5547078,24.647192,43.166847
1632426860.6447995,35.06533,42.279579
1632426860.764695,31.544948,38.185581
1632426860.8546636,8.160087,35.820064
1632426860.9447913,-2.958275,35.820064
1632426861.0646849,-7.048416,38.389686
1632426861.1547287,-19.367677,44.632209
1632426861.2448556,-21.637556,48.76324
1632426861.3647132,-9.664416,45.687995
1632426861.454908,0.31711,42.948677
1632426861.5448356,6.279854,44.901271
1632426861.6647084,6.279854,44.901271
1632426861.7546256,6.279854,41.045967
1632426861.8448045,6.279854,41.824573
1632426861.9647107,23.786884,44.358776
1632426862.054731,43.861652,42.828517
1632426862.1452298,33.104743,38.64886
1632426862.264747,8.698872,36.096794
1632426862.355124,3.587654,38.054042
1632426862.4451358,13.304538,41.968929
1632426862.564375,25.216445,41.968929
1632426862.654734,20.48225,38.876438
1632426862.7448044,10.212814,37.652572
1632426862.864785,10.212814,38.865188
1632426862.9550602,2.000559,40.45346
1632426863.0457718,-18.487329,40.45346
1632426863.1647491,-25.17572,41.843021
1632426863.254804,-8.297442,45.318992
1632426863.3447564,18.450765,46.626903
1632426863.4647958,23.170776,43.447181
1632426863.5549016,13.083061,39.401649
1632426863.6446915,5.932892,39.401649
1632426863.7647452,22.027433,44.670692
1632426863.8550112,52.643325,47.445861
1632426863.9449902,41.719852,41.862678
1632426864.0647588,16.611722,33.930427
1632426864.1549995,16.611722,33.930427
1632426864.245146,10.004657,41.260078
1632426864.3647816,-2.731682,45.326866
1632426864.4549983,4.932879,45.326866
1632426864.5449383,21.501163,45.326866
1632426864.6648068,12.237242,43.55764
1632426864.7548141,-10.814118,42.479084
1632426864.8448896,-14.526124,42.479084
1632426864.9648218,0.758572,23.679554
1632426865.0550075,14.163455,-2.224686
1632426865.144969,8.745444,12.280472
1632426865.2647657,-3.550541,43.37664
1632426865.355054,-3.550541,51.610816
1632426865.4449441,10.958588,46.753715
1632426865.564847,20.565788,41.932777
1632426865.6551466,20.565788,40.966842
1632426865.745102,20.565788,39.898117
1632426865.864867,8.188961,37.678253
1632426865.9550881,-20.648838,35.643825
1632426866.0448592,-28.377256,33.138359
1632426866.1648517,-14.140847,30.219177
1632426866.2549424,1.05752,25.961185
1632426866.3448877,7.778604,22.606372
1632426866.4648983,4.933162,27.477733
1632426866.5548892,4.933162,34.29214
1632426866.6448355,23.347595,27.209381
1632426866.764838,37.305175,12.180314
1632426866.8549547,24.028549,2.745987
1632426866.9449618,-5.804232,-0.770027
1632426867.0648499,-20.938859,-0.770027
1632426867.1550834,-7.820995,-1.953472
1632426867.2449753,11.232062,-3.341309
1632426867.364803,11.232062,-1.723663
1632426867.4549453,2.724747,-18.554786
1632426867.5451512,-1.904652,-44.234527
1632426867.664823,-1.904652,-31.274986
1632426867.7548285,-4.597641,-1.946205
1632426867.844915,-12.838263,9.820439
1632426867.9648736,-6.283939,11.95982
1632426868.0548983,9.226147,11.95982
1632426868.144963,9.226147,11.17162
1632426868.2647157,4.307362,14.013554
1632426868.354929,1.203106,17.157142
1632426868.4449134,10.63983,14.576558
1632426868.5647192,24.146755,9.521496
1632426868.6551294,13.636952,8.720444
1632426868.7450106,-3.843121,9.93718
1632426868.8649602,-3.843121,9.93718
1632426868.9549272,0.707296,10.705925
1632426869.0450206,-2.185095,11.776314
1632426869.164862,-2.185095,11.776314
1632426869.2551546,-2.185095,11.776314
1632426869.3449836,-7.294716,11.776314
1632426869.4649057,-7.294716,14.047108
1632426869.5550272,4.930673,14.047108
1632426869.6449761,22.94923,12.075634
1632426869.7648766,18.204971,11.287159
1632426869.8551152,3.017738,11.287159
1632426869.9461002,-0.009544,11.287159
1632426870.0648851,3.995333,11.287159
1632426870.1552832,3.995333,13.251023
1632426870.2447667,3.995333,15.05333
1632426870.3648286,3.995333,12.650929
1632426870.4551866,3.995333,8.737725
1632426870.5449662,3.995333,8.737725
1632426870.6649942,3.995333,10.977379
1632426870.7550123,1.339319,10.977379
1632426870.8452454,1.339319,10.977379
1632426870.9649498,4.347118,12.519871
1632426871.0550134,4.347118,12.519871
1632426871.1449733,-1.232992,11.655304
1632426871.2648275,-8.763983,9.799565
1632426871.354935,-5.495327,9.799565
1632426871.4449673,-1.389376,11.418423
1632426871.564872,-3.910927,11.418423
1632426871.6548808,2.167517,11.418423
1632426871.7464955,16.26567,12.84208
1632426871.8648808,24.932939,12.84208
1632426871.9549356,20.930568,12.84208
1632426872.044853,12.903177,11.625538
1632426872.1649544,9.151912,9.728955
1632426872.254971,6.14219,9.728955
1632426872.345009,3.614931,11.474465
1632426872.4648752,3.614931,12.810883
1632426872.5548494,3.614931,12.810883
1632426872.6448095,3.614931,11.454667
1632426872.7648435,3.614931,11.454667
1632426872.8550792,3.614931,12.470433
1632426872.9452503,3.614931,13.638932
1632426873.0649621,3.614931,11.855061
1632426873.1548724,3.614931,8.720593
1632426873.2450283,3.614931,8.720593
1632426873.3649352,3.614931,11.978623
1632426873.4609344,3.614931,13.823731
1632426873.5449288,9.75416,14.934254
1632426873.664855,15.369951,14.934254
1632426873.7550278,-3.376511,8.732529
1632426873.8449883,-33.074203,2.515915
1632426873.9650803,-44.270042,2.515915
1632426874.0550215,-37.508338,4.088871
1632426874.1449819,-29.854351,5.78009
1632426874.2648764,-27.536664,7.057926
1632426874.3550432,-27.536664,8.457757
1632426874.4449973,-27.536664,8.457757
1632426874.56486,-27.536664,8.457757
1632426874.6551018,-24.688991,8.457757
1632426874.745022,-32.387886,8.457757
1632426874.8649988,-44.200504,8.457757
1632426874.9555013,-44.200504,9.898613
1632426875.0449796,-32.554515,9.898613
1632426875.164987,-21.63941,7.942474
1632426875.2550821,-29.073154,7.942474
1632426875.3450038,-43.224182,7.942474
1632426875.4649103,-43.224182,9.113469
1632426875.5551689,-36.697509,9.113469
1632426875.644998,-33.537086,9.113469
1632426875.764856,-36.463863,9.113469
1632426875.8551216,-40.778675,10.118832
1632426875.9451036,-40.778675,10.118832
1632426876.06502,-28.626766,10.118832
1632426876.1552188,-19.907947,9.059807
1632426876.2450979,-25.977996,9.059807
1632426876.3650706,-37.829704,10.126809
1632426876.455054,-37.829704,10.126809
1632426876.5451365,-37.829704,10.126809
1632426876.6651192,-34.684455,-8.93573
1632426876.7552938,-34.684455,-35.168025
1632426876.8451242,-39.647102,-22.071453
1632426876.965077,-45.599357,7.05788
1632426877.0550535,-42.493263,17.106914
1632426877.1451123,-35.47396,17.106914
1632426877.2650795,-25.645076,14.64869
1632426877.3552847,-15.834733,14.64869
1632426877.4450228,-21.774129,13.522419
1632426877.5649648,-35.301872,13.522419
1632426877.6549702,-39.922035,12.636246
1632426877.7450964,-45.196895,12.636246
1632426877.8651023,-52.980812,12.636246
1632426877.9553328,-46.60337,12.636246
1632426878.04511,-36.012138,11.074025
1632426878.1650977,-36.012138,9.28394
1632426878.2552617,-31.760015,9.28394
1632426878.3451722,-28.280078,10.733082
1632426878.465082,-28.280078,12.612305
1632426878.5551217,-28.280078,12.612305
1632426878.645238,-25.431409,10.337071
1632426878.7651134,-28.464288,10.337071
1632426878.855171,-34.907203,11.223382
1632426878.945193,-39.686222,12.536213
1632426879.0650864,-44.809402,11.226986
1632426879.1553075,-51.053707,9.730832
1632426879.2451615,-46.286651,10.489792
1632426879.3651373,-39.845504,10.489792
1632426879.4553235,-39.845504,8.77985
1632426879.5452092,-35.989959,8.77985
1632426879.6650968,-27.039293,10.907776
1632426879.7552428,-27.039293,10.907776
1632426879.845136,-27.039293,10.907776
1632426879.965157,-29.8635,10.038632
1632426880.055126,-33.488853,9.004258
1632426880.145182,-33.488853,9.004258
1632426880.2651365,-33.488853,2.483448
1632426880.355466,-33.488853,-5.787495
1632426880.4452233,-28.480785,0.192833
1632426880.5651026,-22.171096,11.013485
1632426880.6552079,-29.108705,13.250302
1632426880.7452714,-41.50645,11.31894
1632426880.8652484,-41.50645,10.486783
1632426880.9552507,-41.50645,10.486783
1632426881.0451815,-41.50645,10.486783
1632426881.1651483,-37.508594,10.486783
1632426881.2552984,-32.449012,13.246308
1632426881.3452594,-32.449012,15.932385
1632426881.4651713,-36.626823,13.635132
1632426881.5552325,-43.842075,9.074524
1632426881.645206,-40.227573,9.074524
1632426881.7650778,-31.959709,10.655732
1632426881.855372,-29.467048,12.138371
1632426881.9452639,-24.936063,11.249222
1632426882.065141,-18.811477,9.45868
1632426882.155251,-23.303443,9.45868
1632426882.2452703,-31.798193,11.214386
1632426882.3651829,-34.638622,12.320595
1632426882.4552457,-34.638622,11.216847
1632426882.5449634,-31.461616,9.149598
1632426882.6651638,-31.461616,9.149598
1632426882.7552743,-31.461616,9.149598
1632426882.8454623,-31.461616,10.47115
1632426882.965141,-37.179504,9.633133
1632426883.0552425,-45.400947,8.297116
1632426883.1455128,-45.400947,8.297116
1632426883.2652075,-33.598579,8.297116
1632426883.3548696,-24.075284,7.490799
1632426883.4449742,-24.075284,7.490799
1632426883.6556969,-31.27775,8.440178
1632426883.7455075,-34.739578,7.311172
1632426883.8654995,-40.961563,5.760784
1632426883.955285,-50.629497,4.541302
1632426884.045422,-58.822586,2.322086
1632426884.1652284,-74.80117,1.188881
1632426884.2552948,-92.028244,4.177391
1632426884.345273,-95.207176,7.711361
1632426884.4651663,-91.0913,7.711361
1632426884.5553064,-88.366897,5.76289
1632426884.6452932,-88.366897,5.76289
1632426884.7651927,-88.366897,5.76289
1632426884.8553567,-85.803894,5.76289
1632426884.9455938,-85.803894,5.76289
1632426885.065228,-81.361557,5.76289
1632426885.1553617,-77.841018,5.76289
1632426885.2455173,-82.318206,5.76289
1632426885.3652403,-90.297576,6.708172
1632426885.4552743,-90.297576,6.708172
1632426885.545518,-78.757568,7.665813
1632426885.6652684,-68.243652,7.665813
1632426885.755293,-74.22705,7.665813
1632426885.8455513,-91.859504,7.665813
1632426885.9651136,-101.270431,6.783405
1632426886.0553498,-92.609596,5.968918
1632426886.1455321,-79.577835,5.968918
1632426886.2650535,-77.184417,5.968918
1632426886.355311,-71.037567,8.404713
1632426886.4456515,-60.287647,8.404713
1632426886.5652165,-71.985412,7.568584
1632426886.655288,-98.689392,6.494511
1632426886.745586,-108.503433,6.494511
1632426886.8652287,-108.503433,6.494511
1632426886.955272,-108.503433,6.494511
1632426887.0456023,-96.057174,6.494511
1632426887.1653178,-81.296546,7.598362
1632426887.2553363,-77.289672,8.576512
1632426887.345289,-77.289672,8.576512
1632426887.465248,-77.289672,10.489724
1632426887.5553434,-77.289672,12.172566
1632426887.645447,-77.289672,10.26796
1632426887.7653203,-77.289672,6.959106
1632426887.855302,-77.289672,6.959106
1632426887.9453714,-83.457557,6.959106
1632426888.0653803,-87.422828,6.959106
1632426888.155327,-87.422828,6.959106
1632426888.2458136,-83.35514,7.826031
1632426888.3653631,-83.35514,7.826031
1632426888.4552817,-83.35514,7.826031
1632426888.5455773,-88.519332,6.752895
1632426888.6652515,-88.519332,7.786194
1632426888.7553349,-84.091979,8.536377
1632426888.845824,-84.091979,8.536377
1632426888.965309,-84.091979,7.763512
1632426889.0553017,-77.165702,7.763512
1632426889.1454458,-71.26567,7.763512
1632426889.265281,-77.020782,7.763512
1632426889.3556576,-83.382003,9.082936
1632426889.445845,-83.382003,9.082936
1632426889.5653508,-83.382003,7.792568
1632426889.655335,-83.382003,7.792568
1632426889.7454286,-79.287765,9.778714
1632426889.8653612,-82.270019,9.778714
1632426889.955404,-86.36531,8.859524
1632426890.0458536,-86.36531,6.665382
1632426890.1653693,-86.36531,6.665382
1632426890.25538,-90.632415,8.493908
1632426890.345621,-92.890213,8.493908
1632426890.4653015,-92.890213,8.493908
1632426890.555354,-88.664527,8.493908
1632426890.6458573,-88.664527,8.493908
1632426890.7652974,-85.767501,8.493908
1632426890.8553982,-85.767501,10.020962
1632426890.945556,-85.767501,10.020962
1632426891.065312,-85.767501,10.020962
1632426891.1553752,-89.138122,10.020962
1632426891.2455084,-91.844894,8.011597
1632426891.3653738,-91.844894,8.011597
1632426891.4556708,-91.844894,9.878747
1632426891.545386,-94.348541,10.969906
1632426891.665367,-91.218948,10.969906
1632426891.7556648,-87.362129,10.969906
1632426891.8459244,-89.803276,12.271683
1632426891.9653635,-87.50988,13.972538
1632426892.0552177,-81.391265,12.762852
1632426892.1465595,-72.578498,10.104275
1632426892.2653484,-72.578498,5.892197
1632426892.3556373,-87.853683,2.299976
1632426892.4456754,-87.853683,3.530617
1632426892.5651946,-73.210525,0.466965
1632426892.6554596,-92.980834,-5.854168
1632426892.7455754,-122.305419,-1.722141
1632426892.8654206,-131.332809,6.581245
1632426892.9557168,-127.793548,9.179364
1632426893.0456393,-127.793548,7.893791
1632426893.1653957,-130.451232,8.924057
1632426893.2554655,-127.14608,12.538891
1632426893.3453653,-122.763168,11.571705
1632426893.465392,-125.538108,9.199242
1632426893.5560582,-121.379531,9.199242
1632426893.645125,-118.195571,9.199242
1632426893.7653866,-114.463615,7.331406
1632426893.8556604,-98.282897,6.02536
1632426893.9459593,-94.283584,6.978413
1632426894.0654407,-101.406364,7.799366
1632426894.1558285,-101.406364,5.65995
1632426894.2459288,-105.354492,4.340664
1632426894.3654628,-110.081497,6.228058
1632426894.4559376,-112.860244,7.977848
1632426894.5455148,-112.860244,7.977848
1632426894.66541,-112.860244,7.977848
1632426894.7556956,-108.767425,6.7798
1632426894.8459609,-101.705535,5.610912
1632426894.965465,-105.6109,5.610912
1632426895.0555131,-115.495819,7.559692
1632426895.145959,-120.475372,7.559692
1632426895.2654696,-120.475372,8.312085
1632426895.3554277,-116.313644,8.312085
1632426895.445936,-116.313644,8.312085
1632426895.5653684,-119.795623,8.312085
1632426895.655442,-119.795623,9.853959
1632426895.7457442,-119.795623,9.853959
1632426895.8654826,-130.432479,8.751378
1632426895.9557087,-124.853523,8.751378
1632426896.0457885,-112.275344,8.751378
1632426896.1654832,-101.835144,8.751378
1632426896.2557123,-94.485115,7.890587
1632426896.3456914,-101.366233,7.890587
1632426896.4655092,-114.44065,7.890587
1632426896.555801,-118.941299,7.049503
1632426896.6456947,-116.214134,7.049503
1632426896.7655065,-112.959762,7.049503
1632426896.8557901,-110.315849,7.849377
1632426896.9460053,-110.315849,7.849377
1632426897.0654435,-110.315849,6.813183
1632426897.15581,-114.512817,7.571915
1632426897.2459717,-117.514022,8.726201
1632426897.3655589,-117.514022,8.726201
1632426897.4558287,-115.174209,8.726201
1632426897.5459344,-115.174209,10.101357
1632426897.6655273,-115.174209,12.601422
1632426897.7555869,-115.174209,11.451428
1632426897.845749,-104.445152,8.27108
1632426897.9655392,-93.525894,6.6045
1632426898.0558944,-104.88713,6.6045
1632426898.145751,-124.760498,8.704102
1632426898.2655222,-124.760498,11.53687
1632426898.3555436,-118.411659,10.711934
1632426898.4454865,-115.518699,8.942185
1632426898.5654855,-115.518699,8.942185
1632426898.6558394,-118.014984,8.942185
1632426898.746026,-118.014984,8.942185
1632426898.8655376,-118.014984,10.76857
1632426898.95585,-118.014984,9.890294
1632426899.0458415,-113.675674,8.043412
1632426899.165416,-113.675674,8.043412
1632426899.2556775,-113.675674,8.043412
1632426899.3455157,-113.675674,8.043412
1632426899.4655018,-113.675674,8.043412
1632426899.5558248,-113.675674,8.043412
1632426899.6457076,-113.675674,6.936172
1632426899.765506,-113.675674,6.936172
1632426899.8558471,-108.369003,8.043709
1632426899.9459527,-101.495819,8.043709
1632426900.0655994,-105.727615,8.043709
1632426900.1566663,-116.509597,8.043709
1632426900.245809,-116.509597,5.060097
1632426900.3655465,-106.663429,-2.221321
1632426900.455877,-109.243911,-5.336323
1632426900.5459146,-109.243911,-3.783417
1632426900.6655815,-92.653991,-1.766865
1632426900.7555912,-85.372528,2.499035
1632426900.8459172,-85.372528,8.996533
1632426900.9656405,-68.725441,11.627335
1632426901.055694,-72.828178,-10.207959
1632426901.145887,-91.829223,-38.254817
1632426901.2656865,-96.159057,-24.405773
1632426901.3556073,-96.159057,5.850792
1632426901.4461083,-85.875801,15.491215
1632426901.5655673,-78.077445,18.473945
1632426901.6559713,-78.077445,21.735923
1632426901.7460885,-71.306198,15.608151
1632426901.865541,-45.781555,4.116154
1632426901.955586,-9.577881,-2.823143
1632426902.0459945,-0.703915,-3.630924
1632426902.1656432,-18.777162,-1.2537
1632426902.2558203,-34.45568,1.400002
1632426902.345949,-42.462036,2.41864
1632426902.465547,-42.462036,0.193554
1632426902.5554328,-35.149623,-1.854538
1632426902.645853,-35.149623,-1.854538
1632426902.765588,-39.620269,-1.854538
1632426902.8559554,-46.115764,-0.806705
1632426902.9456482,-52.362728,-0.806705
1632426903.065648,-52.362728,0.915195
1632426903.155705,-50.092403,1.824371
1632426903.246088,-52.677761,2.935078
1632426903.365598,-52.677761,4.029282
1632426903.4556966,-48.807121,4.029282
1632426903.546114,-48.807121,2.227982
1632426903.6655447,-45.709579,2.227982
1632426903.755702,-45.709579,2.227982
1632426903.8459363,-50.410285,4.325157
1632426903.9656672,-50.410285,4.325157
1632426904.0557666,-53.156127,4.325157
1632426904.1458437,-53.156127,5.315552
1632426904.2656975,-43.303367,7.372799
1632426904.3557303,-31.237718,8.820008
1632426904.4461584,-36.179798,7.83839
1632426904.5657504,-49.519172,6.417629
1632426904.6556613,-49.519172,6.417629
1632426904.7462037,-41.714572,8.095597
1632426904.865648,-44.601417,8.095597
1632426904.9556959,-53.281234,8.095597
1632426905.04565,-53.281234,8.095597
1632426905.1656187,-43.530681,7.203049
1632426905.255784,-45.940551,7.203049
1632426905.3459227,-53.740001,7.203049
1632426905.4655795,-57.341232,8.847748
1632426905.5557044,-57.341232,10.551968
1632426905.6457112,-54.385292,9.351552
1632426905.7656457,-51.643466,7.179886
1632426905.8559408,-45.03617,7.179886
1632426905.9460752,-37.699276,7.179886
1632426906.0656784,-40.697395,7.179886
1632426906.1558218,-48.18032,7.179886
1632426906.2458196,-53.495712,7.179886
1632426906.3657289,-57.974357,10.089947
1632426906.4559836,-57.974357,13.096184
1632426906.5461087,-57.974357,11.268528
1632426906.665754,-68.852882,7.177036
1632426906.755767,-74.523094,5.412975
1632426906.846095,-59.750244,5.412975
1632426906.9657493,-40.079757,5.412975
1632426907.0561552,-26.030353,5.412975
1632426907.1459713,-13.59371,5.412975
1632426907.265662,-15.903157,2.842152
1632426907.355832,-35.633689,2.842152
1632426907.4461365,-50.693374,4.867069
1632426907.565657,-54.457271,7.354454
1632426907.6557486,-50.575286,7.354454
1632426907.7460032,-44.075416,7.354454
1632426907.8654985,-41.707466,6.005527
1632426907.9556973,-41.707466,4.911026
1632426908.045763,-41.707466,4.911026
1632426908.1656601,-46.81113,6.815208
1632426908.2558563,-46.81113,5.822021
1632426908.345957,-40.408882,3.702427
1632426908.4657238,-40.408882,4.624214
1632426908.5560236,-45.890613,6.919498
1632426908.6457841,-45.890613,7.751781
1632426908.7657387,-45.890613,7.751781
1632426908.8558006,-48.640834,7.751781
1632426908.9459698,-48.640834,7.751781
1632426909.0657668,-48.640834,7.751781
1632426909.1558592,-45.173461,7.751781
1632426909.2460618,-42.707687,5.529808
1632426909.3657815,-42.707687,5.529808
1632426909.4558835,-48.479728,7.373085
1632426909.5507941,-29.844051,9.539578
1632426909.6656787,-2.087042,10.931695
1632426909.7558577,-15.755562,9.491959
1632426909.846033,-46.69234,7.631882
1632426909.9658167,-65.208358,7.631882
1632426910.05597,-82.405426,9.71156
1632426910.1458588,-72.614273,12.229535
1632426910.2657156,-39.3973,7.536472
1632426910.3558664,-39.3973,2.994942
1632426910.4461148,-43.295333,2.994942
1632426910.5658255,-19.160036,4.929405
1632426910.6558938,-12.603962,4.929405
1632426910.7460506,-22.983072,3.96389
1632426910.8657286,-22.983072,3.96389
1632426910.9558382,-17.113111,5.035744
1632426911.0461082,-19.531511,6.031242
1632426911.1658227,-24.985176,6.031242
1632426911.2560098,-21.094694,4.855659
1632426911.3459992,-13.679833,4.080231
1632426911.4657707,-18.963947,4.080231
1632426911.5558267,-29.22413,5.331036
1632426911.6461205,-32.445632,5.331036
1632426911.765817,-32.445632,4.117104
1632426911.855905,-29.123073,4.117104
1632426911.9461522,-29.123073,6.23941
1632426912.065799,-31.496429,6.23941
1632426912.1560726,-38.782821,6.23941
1632426912.246164,-33.785209,7.320763
1632426912.3658757,-22.494094,8.285843
1632426912.4558566,-7.854933,8.285843
1632426912.5456388,5.307529,6.259804
1632426912.665851,-2.455685,6.259804
1632426912.755936,-19.143865,6.259804
1632426912.8461404,-24.60383,7.77935
1632426912.9658606,-24.60383,7.77935
1632426913.0561495,-24.60383,7.77935
1632426913.1459217,-30.398998,7.77935
1632426913.2657967,-39.545047,8.878842
1632426913.3561354,-34.775608,9.664113
1632426913.445482,-29.188785,9.664113
1632426913.5658484,-33.751869,8.873223
1632426913.6558895,-30.344564,8.873223
1632426913.7459376,-19.535287,7.353378
1632426913.8658617,-14.29093,6.504753
1632426913.9569397,-14.29093,9.56234
1632426914.0462148,-14.29093,12.843407
1632426914.1657686,-19.302909,11.288121
1632426914.255951,-21.744209,7.379024
1632426914.3461792,-21.744209,5.619335
1632426914.4658954,-21.744209,6.422047
1632426914.5561397,-26.805473,7.615173
1632426914.6460283,-35.89096,8.412083
1632426914.7659938,-33.518959,8.412083
1632426914.856165,-23.25246,8.412083
1632426914.945951,-18.73217,7.323406
1632426915.0659611,-18.73217,7.323406
1632426915.1559803,-18.73217,8.429547
1632426915.2462282,-21.196369,8.429547
1632426915.3658192,-21.196369,7.077164
1632426915.4561896,-21.196369,5.330498
1632426915.546174,-18.191436,6.461563
1632426915.6658266,-18.191436,8.33511
1632426915.7559404,-18.191436,8.33511
1632426915.846143,-18.191436,6.407867
1632426915.9659164,-20.879602,4.723972
1632426916.0561585,-25.206396,6.107059
1632426916.1462338,-19.924787,8.167946
1632426916.265895,-10.531666,8.167946
1632426916.3559856,-15.880068,8.167946
1632426916.4461887,-27.887643,8.167946
1632426916.5658453,-27.887643,8.167946
1632426916.656256,-17.119514,8.167946
1632426916.7459264,-19.451843,8.167946
1632426916.8658612,-28.643726,8.167946
1632426916.9563015,-32.687553,8.167946
1632426917.0462234,-32.687553,8.167946
1632426917.165892,-29.463306,8.96481
1632426917.256238,-16.827518,8.96481
1632426917.3459387,-1.697971,8.002488
1632426917.465953,-8.283898,8.002488
1632426917.555988,-22.569248,8.002488
1632426917.646239,-22.569248,8.002488
1632426917.7659516,-11.051268,8.002488
1632426917.8560584,-11.051268,5.885204
1632426917.9462802,-11.051268,5.885204
1632426918.0660028,1.307922,7.455563
1632426918.1562965,19.226444,7.455563
1632426918.2459722,14.023739,7.455563
1632426918.3660505,-6.193577,7.455563
1632426918.4559896,-18.310243,7.455563
1632426918.546327,-15.575318,7.455563
1632426918.6660042,-6.120758,6.679035
1632426918.7563157,8.2247,5.375999
1632426918.8462982,22.306392,4.47448
1632426918.9659874,18.019586,4.47448
1632426919.0561018,4.759973,6.078335
1632426919.1463182,-4.180658,5.313068
1632426919.2659302,-8.86777,3.658642
1632426919.3562233,-6.176548,3.658642
1632426919.4460676,-6.176548,5.060429
1632426919.565957,-15.032216,5.060429
1632426919.6560342,-10.102204,5.060429
1632426919.7459996,1.94113,5.946613
1632426919.86604,6.529964,5.946613
1632426919.9560099,6.529964,7.794456
1632426920.0460157,6.529964,8.683239
1632426920.165986,6.529964,8.683239
1632426920.2563257,10.327389,7.019749
1632426920.346328,14.438413,5.912075
1632426920.4659953,10.22683,5.912075
1632426920.556098,3.537203,7.166611
1632426920.6463273,6.392524,5.356567
1632426920.7660966,11.923943,3.955456
1632426920.8563523,6.553225,5.796536
1632426920.9463315,-6.042686,8.319878
1632426921.0661244,-14.380572,10.973671
1632426921.1563137,-12.090249,12.815838
1632426921.246361,-3.801373,10.391533
1632426921.3660638,1.921371,7.32423
1632426921.4563255,8.542377,4.699837
1632426921.5460854,14.719629,1.968006
1632426921.6661203,10.360743,3.757622
1632426921.7562993,2.427755,7.636082
1632426921.8461623,4.997706,9.454754
1632426921.966105,11.364318,9.454754
1632426922.056389,7.432929,9.454754
1632426922.1461458,-1.918779,8.163792
1632426922.2661095,-7.712917,7.129486
1632426922.356078,-7.712917,5.78064
1632426922.446328,-4.608696,5.78064
1632426922.5656834,-4.608696,8.068039
1632426922.6561236,-11.517724,8.980259
1632426922.7460608,-8.103156,8.980259
1632426922.8661177,0.974916,7.314091
1632426922.9561307,6.594852,7.314091
1632426923.0464072,6.594852,7.314091
1632426923.1660721,6.594852,7.314091
1632426923.256036,6.594852,8.581719
1632426923.3460984,6.594852,8.581719
1632426923.4658916,6.594852,8.581719
1632426923.5562975,6.594852,8.581719
1632426923.6460166,6.594852,9.347809
1632426923.766084,3.515299,9.347809
1632426923.856138,-3.269068,9.347809
1632426923.9461465,-11.656889,10.227093
1632426924.0660746,-7.850487,11.227284
1632426924.1561766,-2.855158,11.227284
1632426924.2462108,1.295563,8.305333
1632426924.366175,15.300986,4.086193
1632426924.4563763,18.501628,1.084351
1632426924.5461617,9.330981,4.054768
1632426924.666104,5.954521,8.403065
1632426924.755885,5.954521,9.350762
1632426924.8464205,5.954521,9.350762
1632426924.9660923,3.279367,9.350762
1632426925.0562882,3.279367,9.350762
1632426925.146191,-0.725269,8.52808
1632426925.2660432,-0.725269,7.224483
1632426925.356144,1.881701,7.224483
1632426925.446275,1.881701,8.899224
1632426925.5662034,1.881701,9.766068
1632426925.6565049,-5.26506,9.766068
1632426925.746472,-5.26506,9.766068
1632426925.8660724,1.797724,8.677472
1632426925.9562626,5.059058,8.677472
1632426926.0464354,5.059058,8.677472
1632426926.1661491,5.059058,8.677472
1632426926.2562778,5.059058,9.688935
1632426926.3463523,5.059058,9.688935
1632426926.466134,7.793993,8.311181
1632426926.5562246,14.862228,5.938259
1632426926.6463728,14.862228,5.938259
1632426926.7661154,3.177504,6.750435
1632426926.8562691,-3.040449,8.38535
1632426926.9462013,-7.003647,8.38535
1632426927.0661066,-10.475035,7.32177
1632426927.1565163,-10.475035,7.32177
1632426927.2462144,-1.636929,8.3825
1632426927.3661091,1.766087,8.3825
1632426927.4564342,9.339324,8.3825
1632426927.546197,19.518104,9.534771
1632426927.6661265,14.359887,9.534771
1632426927.7562587,3.314524,7.843494
1632426927.8462725,-5.915417,7.843494
1632426927.966148,-14.047926,7.843494
1632426928.0563188,-10.162148,7.843494
1632426928.1462128,0.302828,7.843494
1632426928.2661521,0.302828,6.215893
1632426928.3566365,0.302828,3.497234
1632426928.4462767,9.108748,-0.186287
1632426928.5662603,16.370445,-3.842548
1632426928.656632,16.370445,-5.440659
1632426928.746314,16.370445,-7.000099
1632426928.8661997,7.611689,-10.023091
1632426928.956321,7.611689,-12.035511
1632426929.0466213,5.166158,-13.232975
1632426929.1662254,-3.425657,-14.63704
1632426929.256255,-15.146285,-17.071037
1632426929.346733,-11.752728,-20.745689
1632426929.466284,5.827123,-22.79861
1632426929.5566664,19.008296,-22.79861
1632426929.646632,23.690204,-21.496776
1632426929.7662394,20.980068,-21.496776
1632426929.856559,12.293341,-21.496776
1632426929.9463036,9.759293,-22.329952
1632426930.0662374,12.324944,-23.521797
1632426930.1566572,12.324944,-23.521797
1632426930.2462795,8.854028,-22.151985
1632426930.3662972,5.262271,-22.151985
1632426930.4566507,1.518002,-23.657386
1632426930.5463524,-1.68956,-23.657386
1632426930.666274,-1.68956,-22.437412
1632426930.7563381,2.045208,-21.410636
1632426930.8463306,-2.386763,-21.410636
1632426930.9662607,-10.694401,-21.410636
1632426931.0563457,-6.592775,-21.410636
1632426931.1463068,4.857725,-21.410636
1632426931.2662647,10.290233,-21.410636
1632426931.356684,10.290233,-22.365234
1632426931.4466863,12.911193,-23.682048
1632426931.5662086,12.911193,-23.682048
1632426931.6562927,7.66408,-22.259685
1632426931.746471,3.987247,-20.977993
1632426931.8663044,1.541313,-20.977993
1632426931.9564316,1.541313,-20.977993
1632426932.0468419,1.541313,-20.977993
1632426932.1663048,1.541313,-20.977993
1632426932.2568684,10.011884,-20.977993
1632426932.3462949,18.718944,-19.26686
1632426932.466178,12.538517,-18.054885
1632426932.5563645,0.735466,-19.302131
1632426932.6464975,-3.287333,-20.716896
1632426932.7663004,3.02766,-22.060592
1632426932.856807,12.626914,-24.487838
1632426932.9463987,9.44723,-24.487838
1632426933.0663164,0.176039,-21.985576
1632426933.1565459,-3.004932,-20.201694
1632426933.2469215,4.955461,-20.201694
1632426933.3662984,16.159866,-20.201694
1632426933.4564152,11.275784,-21.814991
1632426933.5463266,-1.060129,-21.814991
1632426933.6662447,-5.707981,-20.613235
1632426933.7566836,5.070139,-20.613235
1632426933.8463285,27.073051,-22.027244
1632426933.966225,27.073051,-24.735031
1632426934.0562015,-0.623096,-23.466888
1632426934.1464748,-13.365847,-20.821929
1632426934.2662873,-13.365847,-20.821929
1632426934.3568804,-13.365847,-41.116802
1632426934.4464204,1.398542,-67.315086
1632426934.5663455,1.398542,-53.822444
1632426934.6563172,-3.493361,-24.417846
1632426934.7464042,-3.493361,-13.841126
1632426934.8662343,-3.493361,-13.841126
1632426934.9568832,-3.493361,-15.718369
1632426935.0464349,0.559221,-16.52568
1632426935.1663027,4.106672,-17.747051
1632426935.256868,-0.102533,-19.066703
1632426935.3463066,-9.033921,-17.746524
1632426935.4664059,-5.554996,-14.289013
1632426935.5566223,5.526097,-15.099987
1632426935.6463592,11.234525,-18.971935
1632426935.766366,11.234525,-21.047618
1632426935.8566613,11.234525,-21.047618
1632426935.9463696,11.234525,-19.694011
1632426936.0664537,8.353713,-19.694011
1632426936.156864,5.765496,-19.694011
1632426936.246394,5.765496,-19.694011
1632426936.3664415,2.343212,-21.744083
1632426936.4566715,2.343212,-21.744083
1632426936.546435,2.343212,-20.911422
1632426936.6663332,2.343212,-19.793071
1632426936.7566013,2.343212,-20.98772
1632426936.8465164,-0.44953,-23.178096
1632426936.9664028,-0.44953,-22.407623
1632426937.056373,2.631346,-20.115657
1632426937.146402,-2.542648,-19.167823
1632426937.2663367,-5.579819,-18.385219
1632426937.3569381,6.017838,-18.385219
1632426937.446424,12.670215,-18.385219
1632426937.5664072,8.151478,-19.811634
1632426937.6563482,4.278505,-19.811634
1632426937.7464635,4.278505,-19.811634
1632426937.8664672,11.214312,-21.337429
1632426937.9569013,8.710459,-21.337429
1632426938.0464106,2.330029,-20.35049
1632426938.1663232,-0.699383,-20.35049
1632426938.2564201,3.700779,-19.109115
1632426938.3465383,11.700758,-19.109115
1632426938.466439,9.263672,-19.109115
1632426938.5564415,1.277229,-20.002853
1632426938.646346,-5.002195,-20.002853
1632426938.7664974,-1.256115,-20.002853
1632426938.8566372,12.716006,-18.982006
1632426938.9463701,12.716006,-18.982006
1632426939.0664673,1.677338,-19.817401
1632426939.1569462,-4.871286,-19.817401
1632426939.2465181,-4.871286,-21.48817
1632426939.3664603,3.350779,-23.605052
1632426939.4566755,3.350779,-22.757892
1632426939.5464733,-0.920603,-20.529441
1632426939.6664312,-3.924042,-20.529441
1632426939.7568612,-8.299674,-20.529441
1632426939.846508,-4.97109,-20.529441
1632426939.9665263,2.693178,-20.529441
1632426940.0623853,6.35505,-20.529441
1632426940.1464705,25.060356,-20.529441
1632426940.2664576,50.340755,-21.383262
1632426940.3567288,38.677383,-20.149692
1632426940.446443,11.639045,-18.819374
1632426940.5664778,5.093476,-18.819374
1632426940.6567228,28.013187,-21.11713
1632426940.7465281,56.617301,-22.108749
1632426940.8664036,45.008308,-20.621818
1632426940.9567769,17.193973,-19.277824
1632426941.0464332,0.12569,-18.481681
1632426941.1663995,7.2535,-18.481681
1632426941.2567763,37.689086,-18.481681
1632426941.3465176,40.452133,-16.025939
1632426941.4664938,22.412195,-16.025939
1632426941.5570345,16.744503,-16.777278
1632426941.64644,16.744503,-16.777278
1632426941.766448,21.436763,-18.267528
1632426941.856751,24.427722,-18.267528
1632426941.9465327,24.427722,-15.349102
1632426942.066551,24.427722,-14.201581
1632426942.156784,28.93156,-15.343472
1632426942.2465262,28.93156,-15.343472
1632426942.3664787,35.423046,-15.343472
1632426942.4567647,40.716842,-14.470471
1632426942.5465314,38.20457,-14.470471
1632426942.6664684,32.201766,-14.470471
1632426942.7567837,29.749286,-14.470471
1632426942.8465066,29.749286,-14.470471
1632426942.9665167,29.749286,-14.470471
1632426943.056653,29.749286,-13.388718
1632426943.146537,29.749286,-13.388718
1632426943.2664971,29.749286,-13.388718
1632426943.3566456,29.749286,-13.388718
1632426943.4465556,37.552677,-13.388718
1632426943.5664697,45.526863,-13.388718
1632426943.6568172,41.743679,-13.388718
1632426943.7465599,32.567691,-13.388718
1632426943.8665247,28.116664,-13.388718
1632426943.9566607,28.116664,-13.388718
1632426944.0465095,28.116664,-13.388718
1632426944.1665568,28.116664,-32.133602
1632426944.2568119,28.116664,-57.35083
1632426944.3466318,30.556953,-43.601051
1632426944.4666004,27.536949,-13.373635
1632426944.556801,24.03273,-3.93758
1632426944.6465201,31.63726,-6.069523
1632426944.76654,37.254116,-9.237637
1632426944.8566484,37.254116,-10.988228
1632426944.9466138,33.489974,-10.988228
1632426945.0665889,33.489974,-10.988228
1632426945.156666,30.795391,-10.988228
1632426945.2468498,30.795391,-9.502202
1632426945.3665462,30.795391,-9.502202
1632426945.4567797,33.158378,-10.978501
1632426945.5466013,41.294448,-10.978501
1632426945.6665387,51.759311,-10.978501
1632426945.7566657,45.144142,-12.086667
1632426945.8468316,31.035182,-13.281762
1632426945.9666116,25.577287,-13.281762
1632426946.056808,19.177099,-13.281762
1632426946.1470497,10.850888,-14.442296
1632426946.266588,23.900577,-14.442296
1632426946.3568108,46.853134,-11.073555
1632426946.447098,46.853134,-10.076409
1632426946.566598,34.821346,-12.245236
1632426946.6565807,29.482206,-13.377491
1632426946.7470777,29.482206,-13.377491
1632426946.8665411,29.482206,-12.414231
1632426946.9570913,35.098693,-12.414231
1632426947.0466,41.448284,-13.980229
1632426947.166584,37.92834,-13.980229
1632426947.256771,30.010168,-12.798661
1632426947.3471148,26.989124,-12.798661
1632426947.466635,26.989124,-12.798661
1632426947.5569372,23.432662,-12.798661
1632426947.647035,23.432662,-12.798661
1632426947.766627,46.491867,-15.986355
1632426947.8567815,64.570907,-15.986355
1632426947.9468603,49.296375,-13.588475
1632426948.0665994,27.446405,-13.588475
1632426948.1567698,21.375566,-14.71954
1632426948.2468863,23.962726,-13.797581
1632426948.3666859,26.920898,-12.906373
1632426948.4567208,26.920898,-12.906373
1632426948.5471716,30.561912,-12.906373
1632426948.666565,38.040958,-12.906373
1632426948.7569082,43.135055,-14.125214
1632426948.8471606,33.908615,-14.125214
1632426948.9666,25.754339,-11.97091
1632426949.056934,25.754339,-11.97091
1632426949.1467192,29.147243,-11.97091
1632426949.2666662,29.147243,-31.816268
1632426949.3568916,29.147243,-57.484703
1632426949.4467363,31.688364,-43.993469
1632426949.5666566,40.505809,-16.784671
1632426949.6568465,51.552398,-11.124711
1632426949.7471147,45.3964,-16.307407
1632426949.8666797,31.343212,-21.703216
1632426949.9568684,25.264074,-18.925231
1632426950.0471447,25.264074,-11.700394
1632426950.1666453,25.264074,-8.499768
1632426950.256398,25.264074,-9.874398
1632426950.3463514,21.633796,-12.994126
1632426950.4666467,21.633796,-14.090802
1632426950.5569232,32.155773,-12.568257
1632426950.647132,37.325653,-10.53209
1632426950.7666693,34.221511,-9.709855
1632426950.8569098,31.945899,-9.709855
1632426950.94679,31.945899,-9.709855
1632426951.0666866,31.945899,-11.502778
1632426951.1568942,29.378753,-11.502778
1632426951.2472034,29.378753,-8.393921
1632426951.3667133,29.378753,-8.393921
1632426951.4570634,32.188652,-10.704381
1632426951.5469,32.188652,-11.644124
1632426951.6666567,28.410671,-11.644124
1632426951.7568939,28.410671,-11.644124
1632426951.8467603,44.59571,-13.334897
1632426951.9667249,58.205764,-14.159398
1632426952.0567997,47.460826,-13.378991
1632426952.147176,32.749542,-13.378991
1632426952.266672,27.267705,-11.948491
1632426952.3568883,27.267705,-10.805661
1632426952.4467344,27.267705,-10.805661
1632426952.5664778,24.437309,-10.805661
1632426952.6566987,24.437309,-11.816597
1632426952.746996,39.853462,-13.127633
1632426952.8666718,43.029918,-13.127633
1632426952.9568741,35.577343,-11.845379
1632426953.0470011,31.388034,-11.845379
1632426953.166799,31.388034,-11.845379
1632426953.25687,31.388034,-11.845379
1632426953.3470147,31.388034,-11.845379
1632426953.4667866,28.687286,-11.845379
1632426953.5570219,32.557811,-10.67331
1632426953.6464238,42.84127,-9.179902
1632426953.7667236,42.84127,-9.179902
1632426953.8568482,31.511432,-10.572052
1632426953.9477067,27.535369,-11.998925
1632426954.0667095,27.535369,-11.998925
1632426954.156883,30.108753,-11.998925
1632426954.2472725,47.702903,-11.998925
1632426954.366764,66.111862,-10.585396
1632426954.45687,58.692012,-8.173886
1632426954.5469768,43.223964,-9.120198
1632426954.6667643,40.26823,-10.891034
1632426954.7569828,44.267391,-10.891034
1632426954.8471706,38.073997,-10.891034
1632426954.9667194,41.015457,-10.891034
1632426955.0569851,86.162734,-17.880237
1632426955.1479664,117.026901,-22.422649
1632426955.2667382,91.007095,-17.508098
1632426955.3569932,56.582595,-11.297299
1632426955.4470577,45.87767,-8.918816
1632426955.5667012,48.227027,-8.918816
1632426955.6568756,51.888557,-8.918816
1632426955.7469301,48.772758,-8.918816
1632426955.8668156,48.772758,-10.065045
1632426955.9570246,55.916511,-11.862168
1632426956.0470526,60.251667,-11.862168
1632426956.166811,57.881179,-8.496644
1632426956.2569647,57.881179,-6.696339
1632426956.3469768,60.255794,-6.696339
1632426956.4668148,60.255794,-6.696339
1632426956.5570598,62.6898,-5.879391
1632426956.6471856,62.6898,-5.879391
1632426956.7668304,62.6898,-5.086796
1632426956.856929,65.90287,-3.28046
1632426956.9471457,65.90287,-1.194134
1632426957.0668354,61.962333,-2.452057
1632426957.156985,61.962333,-4.95219
1632426957.2470446,61.962333,-4.95219
1632426957.3668265,61.962333,-4.95219
1632426957.4570484,58.897834,-4.95219
1632426957.5471027,56.463031,-4.95219
1632426957.6667747,56.463031,-3.803352
1632426957.7568839,56.463031,-2.998215
1632426957.8471775,61.040767,-2.998215
1632426957.966912,63.403129,-3.956783
1632426958.0569277,63.403129,-3.956783
1632426958.1468308,63.403129,-3.07988
1632426958.2668421,63.403129,-3.07988
1632426958.3569732,67.769714,-3.07988
1632426958.4471414,67.769714,-3.07988
1632426958.5667727,64.456443,-3.07988
1632426958.6568668,61.408699,-3.07988
1632426958.747128,61.408699,-3.07988
1632426958.8668916,63.960266,-3.07988
1632426958.9572148,70.807457,-3.07988
1632426959.0472405,68.166213,-3.07988
1632426959.1668966,60.50436,-3.07988
1632426959.2570226,57.028327,-3.07988
1632426959.346973,57.028327,-3.07988
1632426959.466889,52.370288,-3.07988
1632426959.557113,40.985004,-3.07988
1632426959.6470242,46.953395,-5.005325
1632426959.7668734,69.253555,-6.93306
1632426959.857017,74.524322,-4.815971
1632426959.9471607,66.731185,-2.755646
1632426960.0668378,63.371253,-2.755646
1632426960.1570477,63.371253,-2.755646
1632426960.2467725,63.371253,-2.755646
1632426960.3668337,63.371253,-2.755646
1632426960.456909,60.057209,-2.755646
1632426960.5468874,60.057209,-2.755646
1632426960.6668518,55.075225,-2.755646
1632426960.7570019,55.075225,-2.755646
1632426960.8472338,61.934791,-2.755646
1632426960.9669294,64.432121,-2.755646
1632426961.0569236,64.432121,-2.755646
1632426961.1471424,60.952396,-2.755646
1632426961.2668676,60.952396,-1.945965
1632426961.3569193,67.269989,-0.922073
1632426961.4472215,69.739509,-0.922073
1632426961.5668533,65.148132,-2.267784
1632426961.6569958,62.561241,-2.267784
1632426961.746951,62.561241,-2.267784
1632426961.8669164,62.561241,-2.267784
1632426961.9570217,60.017288,-2.267784
1632426962.0472739,52.983242,-2.267784
1632426962.1669831,50.093013,-2.267784
1632426962.2569454,59.262382,-3.047436
1632426962.3769326,66.789718,-3.047436
1632426962.467321,66.789718,-3.047436
1632426962.5566525,66.789718,-3.047436
1632426962.646893,64.35025,-2.27314
1632426962.767208,68.060668,-2.27314
1632426962.8569963,74.017593,-1.480316
1632426962.946924,70.466774,-1.480316
1632426963.066968,62.439792,-2.727425
1632426963.1569252,59.094085,-2.727425
1632426963.247279,59.094085,-2.727425
1632426963.366942,56.449985,-2.727425
1632426963.4570541,52.44535,-2.727425
1632426963.5468276,58.348922,-2.727425
1632426963.666911,69.18695,-1.938
1632426963.7569993,69.18695,-1.938
1632426963.847201,63.436447,-1.938
1632426963.9670215,60.700244,-2.730103
1632426964.0569692,60.700244,-2.730103
1632426964.1768909,55.365058,-2.730103
1632426964.2673159,55.365058,-2.730103
1632426964.357083,66.73101,-2.730103
1632426964.4769256,71.520019,-1.676331
1632426964.5672498,65.069198,-1.676331
1632426964.656898,61.166698,-3.232716
1632426964.7469556,61.166698,-3.232716
1632426964.8673573,61.166698,-2.47086
1632426964.9569836,58.104045,-2.47086
1632426965.077008,53.968223,-2.47086
1632426965.16742,53.968223,-2.47086
1632426965.2568924,65.596115,-5.191097
1632426965.3769808,83.122535,-7.08609
1632426965.4667351,79.048919,-5.852875
1632426965.5568917,60.545681,-3.215355
1632426965.6769392,54.041114,-0.816719
1632426965.767255,57.991348,-0.816719
1632426965.8569841,62.525817,-2.595177
1632426965.976983,62.525817,-22.515174
1632426966.0673199,62.525817,-48.916408
1632426966.156959,62.525817,-35.628318
1632426966.276872,62.525817,-8.438256
1632426966.3673422,55.840911,-4.527111
1632426966.4570112,50.160636,-8.483551
1632426966.5769045,56.897697,-5.676224
1632426966.6672046,68.691383,3.950123
1632426966.757041,65.513725,8.100209
1632426966.877065,57.353179,0.86412
1632426966.9669983,44.763595,-5.711357
1632426967.0569906,28.404834,-5.711357
1632426967.176955,23.227355,-2.423801
1632426967.2670357,23.227355,2.110153
1632426967.3570023,15.928631,5.224434
1632426967.4769635,7.194054,5.224434
1632426967.5669863,3.606211,5.224434
1632426967.6570437,3.606211,4.468185
1632426967.7769632,0.612608,5.569439
1632426967.8670986,3.111036,6.634689
1632426967.9570775,8.088607,6.634689
1632426968.0769582,8.088607,6.634689
1632426968.1671085,8.088607,6.634689
1632426968.2571313,8.088607,6.634689
1632426968.376956,4.930449,6.634689
1632426968.467272,-0.821606,7.618732
1632426968.5571344,-0.821606,6.736839
1632426968.6770263,8.287949,3.292465
1632426968.7675827,18.3838,1.698532
1632426968.8571389,18.3838,4.640488
1632426968.9771006,10.110598,7.230766
1632426969.0673962,6.2316,7.230766
1632426969.1570761,6.2316,7.230766
1632426969.2770839,6.2316,7.230766
1632426969.3673265,3.450857,8.396817
1632426969.457183,3.450857,8.396817
1632426969.5769994,-4.296684,8.396817
1632426969.667112,-4.296684,8.396817
1632426969.7571657,9.544596,8.396817
1632426969.8770576,15.751872,8.396817
1632426969.9672158,8.948227,8.396817
1632426970.057177,5.596255,8.396817
1632426970.177045,5.596255,8.396817
1632426970.26737,5.596255,8.396817
1632426970.3570762,5.596255,8.396817
1632426970.4770815,5.596255,8.396817
1632426970.5672812,5.596255,8.396817
1632426970.6570847,0.650236,8.396817
1632426970.7771096,0.650236,6.985153
1632426970.867337,13.946887,8.771805
1632426970.9572217,13.946887,10.946652
1632426971.0771372,8.406421,9.928643
1632426971.167143,4.529414,8.429409
1632426971.2571497,4.529414,7.580898
1632426971.3770256,1.763512,6.718506
1632426971.467517,1.763512,6.718506
1632426971.5570667,1.763512,6.718506
1632426971.6771114,1.763512,7.731136
1632426971.767216,1.763512,7.731136
1632426971.857218,1.763512,7.731136
1632426971.977257,1.763512,7.731136
1632426972.0674574,1.763512,7.731136
1632426972.1572218,1.763512,6.014488
1632426972.2771099,1.763512,6.014488
1632426972.367275,5.051634,7.676811
1632426972.457301,5.051634,9.127488
1632426972.577091,5.051634,9.127488
1632426972.667113,5.051634,8.009182
1632426972.7571964,5.051634,8.009182
1632426972.8772378,5.051634,8.009182
1632426972.9672077,5.051634,8.009182
1632426973.0572832,5.051634,8.009182
1632426973.177155,-1.238434,8.009182
1632426973.2672715,3.956554,8.009182
1632426973.3572211,20.412246,8.009182
1632426973.4771938,20.412246,8.009182
1632426973.5673566,-2.195549,9.903832
1632426973.6572237,-10.413134,8.682301
1632426973.7772648,-3.127516,6.672169
1632426973.867303,4.514505,6.672169
1632426973.9572363,7.131869,7.571079
1632426974.0770562,7.131869,7.571079
1632426974.167311,7.131869,7.571079
1632426974.257292,7.131869,7.571079
1632426974.3771596,7.131869,8.324936
1632426974.4673188,2.743355,8.324936
1632426974.5572858,-2.202896,8.324936
1632426974.6771462,-2.202896,7.389175
1632426974.767202,1.666815,6.301289
1632426974.8573253,1.666815,7.1078
1632426974.9771593,8.416103,8.848595
1632426975.067454,23.827972,11.115624
1632426975.1572242,19.386791,12.048214
1632426975.277241,5.954916,8.153149
1632426975.367414,0.466764,4.216953
1632426975.4573417,0.466764,4.216953
1632426975.5772603,0.466764,6.678429
1632426975.6672676,0.466764,7.664063
1632426975.7572794,0.466764,7.664063
1632426975.8772414,0.466764,7.664063
1632426975.9676046,2.95594,7.664063
1632426976.0573163,2.95594,7.664063
1632426976.1772888,6.397382,7.664063
1632426976.267474,6.397382,7.664063
1632426976.357305,1.837446,7.664063
1632426976.4782612,1.837446,6.509228
1632426976.5675387,6.042412,6.509228
1632426976.6571386,6.042412,9.337647
1632426976.778344,6.042412,10.982838
1632426976.8675268,2.94928,10.982838
1632426976.9573274,2.94928,9.949643
1632426977.078327,2.94928,7.628288
1632426977.167324,2.94928,7.628288
1632426977.2572932,2.94928,7.628288
1632426977.3782609,2.94928,7.628288
1632426977.467516,2.94928,7.628288
1632426977.5573912,2.94928,8.381974
1632426977.6782255,2.94928,1.60928
1632426977.767457,2.94928,-7.79575
1632426977.8572955,2.94928,-3.641293
1632426977.9782414,2.94928,5.845562
1632426978.0674942,2.94928,9.486649
1632426978.1573174,2.94928,9.486649
1632426978.2772522,2.94928,9.486649
1632426978.367554,2.94928,9.486649
1632426978.4574463,2.94928,9.486649
1632426978.5772412,2.94928,9.486649
1632426978.6675096,2.94928,9.486649
1632426978.7572577,2.94928,9.486649
1632426978.8772662,2.94928,9.486649
1632426978.9673553,-1.626165,9.486649
1632426979.0573578,-1.626165,8.275429
1632426979.17838,9.663034,7.004814
1632426979.2674537,9.663034,7.004814
1632426979.3572373,-2.145372,8.426365
1632426979.4783328,0.183592,8.426365
1632426979.567346,13.647226,8.426365
1632426979.6572165,18.921642,6.733177
1632426979.7783196,12.743995,7.555618
1632426979.8674524,-0.070724,10.817711
1632426979.9573781,-3.683578,12.007336
1632426980.0783315,-0.446817,10.103943
1632426980.16737,-0.446817,8.606026
1632426980.2572968,-0.446817,8.606026
1632426980.3780174,3.327862,9.870701
1632426980.467092,3.327862,9.091244
1632426980.5572715,3.327862,8.272557
1632426980.6783144,3.327862,8.272557
1632426980.7675781,3.327862,8.272557
1632426980.8574114,3.327862,8.272557
1632426980.9783587,5.643969,8.272557
1632426981.0673513,5.643969,3.053455
1632426981.1573753,5.643969,-4.967377
1632426981.2783623,5.643969,-1.155327
1632426981.3678188,15.988515,7.691872
1632426981.4576645,15.988515,11.638104
1632426981.5783668,6.791156,11.638104
1632426981.6676311,6.791156,10.34586
1632426981.7573624,13.206992,8.97329
1632426981.8783796,7.72096,8.97329
1632426981.9674294,0.441273,11.701951
1632426982.0574205,-2.307438,13.490822
1632426982.1783662,-2.307438,13.490822
1632426982.267515,-2.307438,13.490822
1632426982.3576577,-2.307438,13.490822
1632426982.4783769,0.0355,13.490822
1632426982.5671525,0.0355,14.27076
1632426982.6572435,0.0355,14.27076
1632426982.7783804,0.0355,15.180291
1632426982.8677092,2.926106,15.180291
1632426982.9574335,2.926106,15.180291
1632426983.0773387,2.926106,15.180291
1632426983.167869,2.926106,15.938851
1632426983.2573915,2.926106,15.938851
1632426983.3774388,-0.671419,15.938851
1632426983.4677784,2.111195,15.938851
1632426983.5574138,9.277791,15.938851
1632426983.677325,13.095068,17.877204
1632426983.7676532,18.679771,19.298286
1632426983.857557,15.028568,19.298286
1632426983.9774723,3.84197,19.298286
1632426984.067685,-1.087372,17.163906
1632426984.1578977,-1.087372,17.163906
1632426984.2783287,-4.210905,18.144092
1632426984.3679202,-4.210905,18.144092
1632426984.457804,-4.210905,16.783081
1632426984.5773776,-1.48863,16.783081
1632426984.668529,-1.48863,16.783081
1632426984.7575169,-1.48863,16.783081
1632426984.8774774,-1.48863,17.58926
1632426984.9676723,-5.787649,17.58926
1632426985.0579426,-9.101658,17.58926
1632426985.1774797,-9.101658,17.58926
1632426985.2677717,-3.997513,17.58926
1632426985.3578844,4.540881,17.58926
1632426985.4775045,7.050528,20.366592
1632426985.5677576,7.050528,22.458045
1632426985.6572285,7.050528,20.181312
1632426985.7774248,7.050528,16.625885
1632426985.867484,7.050528,16.625885
1632426985.9579391,7.050528,16.625885
1632426986.0773842,7.050528,16.625885
1632426986.1676438,4.582809,17.500133
1632426986.257989,4.582809,17.500133
1632426986.3774853,2.271904,17.500133
1632426986.4685175,2.271904,17.500133
1632426986.557999,2.271904,17.500133
1632426986.6774313,2.271904,17.500133
1632426986.7675323,2.271904,17.500133
1632426986.857548,2.271904,17.500133
1632426986.9774559,2.271904,17.500133
1632426987.0677953,-0.753799,15.449009
1632426987.1579924,-0.753799,15.449009
1632426987.2774615,2.297104,20.057029
1632426987.3676894,11.496077,21.255489
1632426987.4576616,28.548221,20.049304
1632426987.577429,23.839559,18.691097
1632426987.667517,-5.030794,15.781918
1632426987.7575076,-21.807054,15.781918
1632426987.8785043,-1.931482,17.112579
1632426987.9678042,26.476243,17.112579
1632426988.0579748,18.034246,17.112579
1632426988.1785831,-6.24741,14.190411
1632426988.2678926,-10.865496,13.087407
1632426988.3574684,-4.447557,14.180649
1632426988.4785419,0.193651,15.526852
1632426988.5674968,0.193651,16.304065
1632426988.6574743,2.595709,16.304065
1632426988.7784202,2.595709,16.304065
1632426988.8678868,2.595709,17.17321
1632426988.9575543,2.595709,17.17321
1632426989.0785656,0.121519,17.17321
1632426989.167608,3.378262,15.067852
1632426989.257748,10.462212,11.778077
1632426989.3785567,10.462212,11.778077
1632426989.4677262,7.327126,15.730031
1632426989.5577426,7.327126,18.074317
1632426989.6784928,1.517092,18.074317
1632426989.7678907,1.517092,16.870342
1632426989.8580134,1.517092,16.870342
1632426989.9785633,1.517092,16.870342
1632426990.0675707,1.517092,16.870342
1632426990.1580389,1.517092,16.870342
1632426990.2786136,1.517092,16.870342
1632426990.3674817,1.517092,17.692646
1632426990.4575648,1.517092,17.692646
1632426990.5785637,1.517092,17.692646
1632426990.6676302,-2.628256,17.692646
1632426990.7578714,-6.049089,17.692646
1632426990.8786216,-8.314814,17.692646
1632426990.9675326,4.589925,14.7743
1632426991.0577414,20.695694,13.675335
1632426991.1786048,31.702106,16.907684
1632426991.2679558,35.258987,21.086677
1632426991.3579314,9.058176,20.255023
1632426991.4786055,-17.703987,15.720955
1632426991.5679042,-14.91001,13.443387
1632426991.6574519,-3.756844,13.443387
1632426991.7784824,1.269917,14.686455
1632426991.86812,1.269917,15.685032
1632426991.9577897,1.269917,16.544288
1632426992.0785308,1.269917,16.544288
1632426992.1677814,1.269917,16.544288
1632426992.262696,1.269917,16.544288
1632426992.3785374,1.269917,16.544288
1632426992.4680777,1.269917,16.544288
1632426992.5580015,1.269917,17.482635
1632426992.6784897,1.269917,17.482635
1632426992.7681196,3.542421,18.338035
1632426992.858092,3.542421,18.338035
1632426992.9775956,3.542421,18.338035
1632426993.0680084,3.542421,19.499015
1632426993.1577818,3.542421,19.499015
1632426993.2775986,3.542421,19.499015
1632426993.3678527,3.542421,20.528778
1632426993.4586418,3.542421,20.528778
1632426993.5776145,0.28525,22.490615
1632426993.6675117,7.244196,24.353908
1632426993.7580802,14.41505,25.3656
1632426993.8776553,14.41505,23.815612
1632426993.9681072,14.41505,21.388938
1632426994.0578108,14.41505,21.388938
1632426994.1776857,7.841955,22.520782
1632426994.268152,-0.404108,23.648208
1632426994.3579562,-0.404108,25.069862
1632426994.4776957,4.010885,27.77584
1632426994.5679224,4.010885,29.436641
1632426994.6575217,-3.535486,29.436641
1632426994.777687,-6.228046,29.436641
1632426994.8676746,-6.228046,29.436641
1632426994.957908,-6.228046,27.464069
1632426995.0776691,-1.325071,25.949901
1632426995.1676583,7.673718,25.949901
1632426995.25783,21.889949,25.949901
1632426995.37772,26.10736,25.949901
1632426995.4677145,13.72716,28.060993
1632426995.5579662,-4.513252,28.060993
1632426995.677651,-13.070521,25.76334
1632426995.767874,-16.117767,24.383777
1632426995.858041,-22.975708,23.322052
1632426995.9776328,-30.693998,23.322052
1632426996.0677485,-16.981447,22.550079
1632426996.1580045,15.77042,22.550079
1632426996.2776868,26.87285,23.833854
1632426996.3679903,12.535804,24.808239
1632426996.4581418,-0.804096,24.808239
1632426996.5776534,-0.804096,24.808239
1632426996.667654,6.8783,24.808239
1632426996.7578962,9.552415,24.808239
1632426996.8788917,9.552415,24.808239
1632426996.9678948,9.552415,24.808239
1632426997.0581753,6.453412,24.808239
1632426997.1786397,6.453412,24.808239
1632426997.2679358,6.453412,24.808239
1632426997.35822,6.453412,24.808239
1632426997.478702,4.013254,24.808239
1632426997.5677278,4.013254,24.808239
1632426997.6576948,4.013254,25.686206
1632426997.7787406,4.013254,25.686206
1632426997.8678463,4.013254,25.686206
1632426997.958182,4.013254,26.589546
1632426998.077637,18.296226,26.589546
1632426998.16798,30.573207,25.241535
1632426998.2582178,33.452537,24.485412
1632426998.3776917,17.297416,26.657203
1632426998.468225,-14.160382,26.657203
1632426998.558197,-38.540435,23.106811
1632426998.6787171,-38.540435,21.544761
1632426998.7677805,-15.953076,21.544761
1632426998.8581784,-8.188815,21.544761
1632426998.977726,-12.422328,23.381607
1632426999.067856,-4.294109,24.205879
1632426999.1579447,7.323667,24.205879
1632426999.2777634,10.664206,24.205879
1632426999.3680418,10.664206,24.205879
1632426999.457955,7.819038,24.205879
1632426999.5778382,7.819038,24.205879
1632426999.6676729,7.819038,24.205879
1632426999.7582645,5.549572,24.205879
1632426999.8778255,5.549572,24.205879
1632426999.9677386,5.549572,25.090152
1632427000.0577526,5.549572,25.090152
1632427000.177771,3.280947,25.090152
1632427000.2678928,3.280947,25.090152
1632427000.3582687,3.280947,25.090152
1632427000.4787507,3.280947,26.815395
1632427000.567782,3.280947,26.815395
1632427000.6576698,3.280947,26.815395
1632427000.7777133,3.280947,26.815395
1632427000.8678458,3.280947,25.753326
1632427000.9582446,3.280947,25.753326
1632427001.0776649,0.719931,28.719234
1632427001.1678457,0.719931,29.577781
1632427001.2582865,3.410053,25.24356
1632427001.3777068,9.754143,21.169258
1632427001.4681242,9.754143,26.467483
1632427001.557997,1.910025,34.568183
1632427001.6777349,-1.061743,32.437889
1632427001.768071,-1.061743,26.33646
1632427001.8582623,-1.061743,25.050899
1632427001.977738,-1.061743,25.050899
1632427002.0679467,1.21641,25.050899
1632427002.1583154,1.21641,23.65678
1632427002.2787638,1.21641,21.614616
1632427002.3678815,1.21641,23.030811
1632427002.4582124,1.21641,25.745395
1632427002.577547,1.21641,25.745395
1632427002.6676185,1.21641,25.745395
1632427002.7583027,1.21641,25.745395
1632427002.8778183,1.21641,25.745395
1632427002.9682713,1.21641,25.745395
1632427003.0582905,1.21641,25.745395
1632427003.1778235,3.564978,25.745395
1632427003.2683222,3.564978,25.745395
1632427003.3583345,3.564978,26.580482
1632427003.4777646,3.564978,26.580482
1632427003.568296,3.564978,26.580482
1632427003.6578963,3.564978,26.580482
1632427003.777792,3.564978,26.580482
1632427003.867956,3.564978,26.580482
1632427003.9578235,3.564978,26.580482
1632427004.0788393,3.564978,26.580482
1632427004.1685283,3.564978,27.797126
1632427004.2578654,3.564978,27.797126
1632427004.377804,3.564978,27.797126
1632427004.4679961,3.564978,27.797126
1632427004.5583894,6.401278,24.314529
1632427004.6777976,12.60537,19.648532
1632427004.7679255,9.998726,21.323387
1632427004.857877,3.085613,27.26176
1632427004.977922,0.257132,29.534877
1632427005.068414,0.257132,26.626647
1632427005.1583884,0.257132,23.451061
1632427005.2778406,0.257132,25.209743
1632427005.368347,0.257132,27.953281
1632427005.4581575,0.257132,28.990676
1632427005.5778365,0.257132,28.990676
1632427005.6678395,0.257132,28.990676
1632427005.7580569,2.803505,27.010837
1632427005.8777943,2.803505,27.010837
1632427005.967877,2.803505,27.010837
1632427006.0578675,2.803505,27.010837
1632427006.1779256,2.803505,27.010837
1632427006.2679577,2.803505,27.010837
1632427006.358418,2.803505,27.010837
1632427006.4779685,2.803505,27.010837
1632427006.5679512,2.803505,27.010837
1632427006.6583498,2.803505,27.010837
1632427006.7778375,2.803505,27.010837
1632427006.8680031,2.803505,27.010837
1632427006.958384,2.803505,27.010837
1632427007.077875,2.803505,27.010837
1632427007.1679688,2.803505,27.010837
1632427007.2583947,2.803505,27.810733
1632427007.377846,2.803505,27.810733
1632427007.4729655,2.803505,27.810733
1632427007.5584362,5.503421,22.17287
1632427007.677836,10.860535,9.799508
1632427007.767965,15.107223,1.671112
1632427007.858238,15.107223,4.702126
1632427007.9780147,15.107223,9.476326
1632427008.067961,21.056953,8.661976
1632427008.1582427,30.27692,6.545036
1632427008.27789,26.876421,10.38612
1632427008.3680148,12.310945,17.991142
1632427008.458224,8.814546,17.991142
1632427008.5780606,24.841178,9.118103
1632427008.6678374,35.398799,3.903008
1632427008.758148,27.069461,10.743908
1632427008.877885,13.732327,20.97433
1632427008.967953,13.732327,20.97433
1632427009.0584536,34.198921,11.284756
1632427009.1780088,49.182785,-10.390858
1632427009.2680068,51.827034,-26.103069
1632427009.3592753,56.464248,-0.47469
1632427009.4778483,64.457557,34.362819
1632427009.5680373,72.981231,44.328701
1632427009.658435,77.15113,40.492454
1632427009.7778702,77.15113,33.560016
1632427009.8681002,82.355995,28.563755
1632427009.9585578,98.87384,25.305622
1632427010.0779235,118.015304,23.153068
1632427010.1681213,118.015304,22.133846
1632427010.2583876,114.069046,20.726257
1632427010.3778954,124.336547,19.253414
1632427010.4676445,124.336547,25.540214
1632427010.5576344,98.762252,34.591003
1632427010.6778686,82.311325,31.127025
1632427010.7681606,85.413986,23.920658
1632427010.8583877,92.715827,23.920658
1632427010.9779277,95.619888,23.920658
1632427011.0680993,95.619888,23.920658
1632427011.158064,95.619888,26.695529
1632427011.27792,92.344787,29.20531
1632427011.3682065,92.344787,28.242496
1632427011.458423,89.106613,25.478015
1632427011.5778985,89.106613,24.625625
1632427011.6679237,89.106613,25.655674
1632427011.7584765,89.106613,25.655674
1632427011.8780313,89.106613,25.655674
1632427011.9680927,89.106613,25.655674
1632427012.058467,89.106613,25.655674
1632427012.1780944,89.106613,25.655674
1632427012.2681758,89.106613,25.655674
1632427012.3581815,89.106613,25.655674
1632427012.4780946,89.106613,25.655674
1632427012.5677848,89.106613,25.655674
1632427012.658106,89.106613,25.655674
1632427012.777975,89.106613,25.655674
1632427012.8680153,89.106613,25.655674
1632427012.9584372,89.106613,25.655674
1632427013.0779757,89.106613,25.655674
1632427013.1680665,89.106613,25.655674
1632427013.258105,89.106613,25.655674
1632427013.3780427,89.106613,25.655674
1632427013.4680436,89.106613,25.655674
1632427013.5584204,89.106613,25.655674
1632427013.677861,89.106613,25.655674
1632427013.7680702,89.106613,25.655674
1632427013.85845,89.106613,25.655674
1632427013.9780538,89.106613,25.655674
1632427014.0681531,89.106613,25.655674
1632427014.1580822,89.106613,25.655674
1632427014.2780778,89.106613,25.655674
1632427014.3681574,89.106613,25.655674
1632427014.45839,89.106613,25.655674
1632427014.5780077,89.106613,25.655674
1632427014.6681197,89.106613,25.655674
1632427014.7580955,89.106613,25.655674
1632427014.8780634,89.106613,25.655674
1632427014.9680922,89.106613,27.237968
1632427015.0584385,89.106613,27.237968
1632427015.1780746,89.106613,27.237968
1632427015.2680616,89.106613,24.805023
1632427015.3584712,89.106613,23.904418
1632427015.4780824,89.106613,25.966369
1632427015.5681334,89.106613,28.085998
1632427015.6581182,89.106613,28.085998
1632427015.7780247,95.79663,27.250167
1632427015.8680494,104.923912,25.52061
1632427015.9581454,102.106811,27.847114
1632427016.07803,92.655334,32.967144
1632427016.1681414,86.809463,24.52684
1632427016.2584527,83.740325,9.821743
1632427016.3780847,83.740325,12.441056
1632427016.4681175,83.740325,23.734725
1632427016.5583074,83.740325,29.196201
1632427016.678057,96.657997,29.196201
1632427016.7681448,112.087615,25.338729
1632427016.8584182,112.087615,23.044178
1632427016.9780643,112.087615,25.640808
1632427017.0681567,108.52243,29.228336
1632427017.1583977,99.974678,27.847503
1632427017.2781482,79.455978,25.095153
1632427017.3681483,59.168182,25.095153
1632427017.4583895,53.713832,25.095153
1632427017.578073,62.555629,25.095153
1632427017.6681848,78.365394,25.894432
1632427017.758135,92.207649,25.894432
1632427017.878077,98.932914,24.556697
1632427017.968162,98.932914,23.682357
1632427018.058372,98.932914,23.682357
1632427018.178081,95.233413,23.682357
1632427018.2681098,95.233413,23.682357
1632427018.3585138,92.410293,24.487976
1632427018.4781096,92.410293,24.487976
1632427018.5681927,92.410293,24.487976
1632427018.658011,89.674552,24.487976
1632427018.7784383,89.674552,24.487976
1632427018.8681815,89.674552,25.431839
1632427018.9584382,89.674552,25.431839
1632427019.078229,89.674552,25.431839
1632427019.1682677,89.674552,25.431839
1632427019.2584765,89.674552,25.431839
1632427019.3781264,83.911979,25.431839
1632427019.46818,77.731651,25.431839
1632427019.5583837,77.731651,25.431839
1632427019.6780775,77.731651,25.431839
1632427019.7684374,77.731651,25.431839
1632427019.8584414,77.731651,4.842876
1632427019.978147,85.65406,-22.994854
1632427020.068189,93.117866,-9.426167
1632427020.1583884,93.117866,21.140933
1632427020.278175,88.595726,31.067207
1632427020.368298,88.595726,29.940731
1632427020.4580011,96.656913,27.6679
1632427020.5781975,99.436431,27.6679
1632427020.6684415,96.308479,27.6679
1632427020.7581396,89.32138,26.578228
1632427020.8782122,85.754257,26.578228
1632427020.9685884,90.394065,26.578228
1632427021.0585167,96.263954,26.578228
1632427021.1782084,96.263954,26.578228
1632427021.2686255,96.263954,26.578228
1632427021.3591754,93.262443,26.578228
1632427021.4782228,96.346939,26.578228
1632427021.5682125,113.580581,25.607276
1632427021.658459,127.885353,23.852577
1632427021.7782178,118.264205,23.852577
1632427021.868251,104.296943,25.449291
1632427021.9582324,98.376144,28.560161
1632427022.0781639,98.376144,31.695304
1632427022.1686392,102.181312,27.838874
1632427022.2585516,112.992187,21.655551
1632427022.3781676,123.242904,20.387237
1632427022.468316,128.574081,20.387237
1632427022.5579762,128.574081,19.535167
1632427022.678231,128.574081,20.521476
1632427022.7684472,128.574081,23.230602
1632427022.8585372,124.69416,23.230602
1632427022.9782588,124.69416,20.891647
1632427023.0686345,121.14109,19.749584
1632427023.1582608,121.14109,19.749584
1632427023.2782428,121.14109,20.987663
1632427023.3685973,118.035461,20.987663
1632427023.458605,118.035461,21.948028
1632427023.5782697,115.689895,21.948028
1632427023.668337,115.689895,23.145172
1632427023.758423,115.689895,23.145172
1632427023.8781643,115.689895,23.145172
1632427023.9682431,115.689895,23.145172
1632427024.0585015,115.689895,23.145172
1632427024.1782138,115.689895,22.326061
1632427024.2681894,115.689895,22.326061
1632427024.3584182,118.265579,23.627986
1632427024.4782689,118.265579,23.627986
1632427024.568412,120.623458,23.627986
1632427024.6583414,120.623458,23.627986
1632427024.778275,120.623458,23.627986
1632427024.8686912,120.623458,23.627986
1632427024.958361,120.623458,23.627986
1632427025.078259,120.623458,23.627986
1632427025.168677,120.623458,23.627986
1632427025.258649,120.623458,24.397716
1632427025.3782902,120.623458,24.397716
1632427025.4686494,118.083442,24.397716
1632427025.5586143,118.083442,25.202808
1632427025.6783462,118.083442,26.134861
1632427025.7686937,118.083442,27.390495
1632427025.8586326,118.083442,27.390495
1632427025.9783058,118.083442,26.129253
1632427026.068661,118.083442,25.106254
1632427026.1583602,123.408317,25.106254
1632427026.2783515,129.148971,25.106254
1632427026.368361,129.148971,22.465713
1632427026.45862,121.635337,21.508438
1632427026.578292,121.635337,24.580444
1632427026.6687376,121.635337,27.500782
1632427026.758399,128.174499,27.500782
1632427026.8784509,124.12239,25.195552
1632427026.9683437,116.92089,26.361167
1632427027.0583603,121.618324,28.269561
1632427027.1792967,132.404266,27.468349
1632427027.2693543,127.481597,26.51778
1632427027.3586197,114.835723,28.230972
1632427027.4783254,109.238464,26.813392
1632427027.568324,109.238464,23.475219
1632427027.6583612,109.238464,24.872245
1632427027.7783482,109.238464,27.572078
1632427027.8684309,112.600509,27.572078
1632427027.9584527,112.600509,24.673599
1632427028.0783036,115.540504,21.229236
1632427028.168365,115.540504,21.229236
1632427028.2585516,120.249244,22.284587
1632427028.378371,120.249244,23.978748
1632427028.4683871,122.611953,23.978748
1632427028.558395,122.611953,23.22171
1632427028.6783056,122.611953,25.03054
1632427028.768771,122.611953,27.263843
1632427028.8584404,122.611953,27.263843
1632427028.9783657,122.611953,27.263843
1632427029.068408,120.091545,28.608432
1632427029.1583705,120.091545,27.481533
1632427029.2783866,120.091545,25.458938
1632427029.3684192,120.091545,25.458938
1632427029.4584272,120.091545,25.458938
1632427029.57838,120.091545,25.458938
1632427029.6684122,120.091545,25.458938
1632427029.7584898,120.091545,4.559223
1632427029.8793287,120.091545,-23.499103
1632427029.9684463,120.091545,-9.779675
1632427030.0586827,120.091545,21.273662
1632427030.1784637,120.091545,31.49533
1632427030.2683997,120.091545,30.198829
1632427030.3587132,120.091545,27.689117
1632427030.4784124,120.091545,27.689117
1632427030.5685039,120.091545,27.689117
1632427030.6587076,122.344291,27.689117
1632427030.7783916,122.344291,27.689117
1632427030.8684356,122.344291,27.689117
1632427030.9585009,122.344291,27.689117
1632427031.0784254,122.344291,27.689117
1632427031.1694117,122.344291,27.689117
1632427031.258743,122.344291,27.689117
1632427031.3783734,122.344291,27.689117
1632427031.4685383,122.344291,27.689117
1632427031.5584807,122.344291,27.689117
1632427031.6783977,122.344291,27.689117
1632427031.768508,122.344291,27.689117
1632427031.8588166,122.344291,27.689117
1632427031.9784355,122.344291,27.689117
1632427032.0685544,119.912948,27.689117
1632427032.1586208,119.912948,27.689117
1632427032.2785068,119.912948,27.689117
1632427032.3685899,117.322448,27.689117
1632427032.458526,117.322448,26.419544
1632427032.5782838,117.322448,25.430065
1632427032.668526,113.722045,25.430065
1632427032.7587647,107.692764,25.430065
1632427032.8783913,118.414733,25.430065
1632427032.9685295,138.111068,24.130313
1632427033.0585809,141.401672,24.130313
1632427033.178449,143.960601,25.573757
1632427033.2685602,155.968673,28.425476
1632427033.3597362,146.484161,29.335956
1632427033.4784603,124.128074,27.128963
1632427033.5684416,116.126388,23.452926
1632427033.6588285,112.637908,22.013488
1632427033.7784526,112.637908,22.985733
1632427033.868832,126.718612,24.333732
1632427033.9584312,136.566741,25.871223
1632427034.078444,125.028961,26.688606
1632427034.168714,107.885475,26.688606
